drug_id,disease_id,outer_test_fold
0,0,7
0,1,7
0,2,4
0,3,8
0,4,5
0,5,5
0,6,2
0,7,6
0,8,6
0,9,8
0,10,9
0,11,3
0,12,0
0,13,4
0,14,9
0,15,1
1,16,2
1,17,8
1,18,0
1,19,8
1,20,3
1,21,1
1,22,0
1,23,3
1,24,9
1,25,8
1,26,7
1,27,4
1,28,4
1,29,1
1,30,6
1,31,1
1,32,6
1,33,7
1,34,9
1,35,0
1,36,9
1,37,1
1,38,5
1,39,7
1,40,9
1,41,4
1,42,3
1,43,4
1,44,7
1,45,5
1,46,3
1,47,7
1,48,5
1,49,8
1,50,8
1,51,5
1,52,6
1,53,3
1,54,5
1,55,8
1,56,9
1,57,7
1,58,2
1,59,5
1,60,0
1,61,6
1,62,4
1,63,3
1,64,6
1,65,9
1,66,3
1,67,2
1,68,1
1,69,2
1,70,0
1,71,2
1,72,2
1,73,7
1,74,0
1,75,8
1,76,5
1,77,9
1,78,1
1,79,4
1,80,1
1,81,0
1,82,4
1,83,9
1,84,6
1,85,2
1,86,7
1,87,0
1,88,6
1,89,8
2,9,6
2,11,9
2,21,1
2,24,0
2,25,1
2,26,2
2,39,2
2,44,6
2,45,3
2,47,6
2,50,3
2,58,4
2,84,2
2,89,0
2,90,6
2,91,4
2,92,6
2,93,2
2,94,0
2,95,6
2,96,4
2,97,9
2,98,5
2,99,0
2,100,9
2,101,3
2,102,0
2,103,3
2,104,2
2,105,8
2,106,8
2,107,9
2,108,5
2,109,3
2,110,1
2,111,2
2,112,1
2,113,0
2,114,7
2,115,3
2,116,6
2,117,5
2,118,9
2,119,5
2,120,4
2,121,7
2,122,1
2,123,4
2,124,7
2,125,7
2,126,3
2,127,9
2,128,0
2,129,7
2,130,8
2,131,1
2,132,4
2,133,5
2,134,0
2,135,1
2,136,5
2,137,5
2,138,2
2,139,8
2,140,8
2,141,1
2,142,7
2,143,7
2,144,8
2,145,8
2,146,9
2,147,8
2,148,4
2,149,9
3,9,4
3,11,5
3,24,8
3,28,8
3,45,9
3,47,6
3,50,3
3,84,9
3,90,1
3,93,4
3,101,9
3,110,7
3,114,5
3,115,8
3,124,7
3,129,4
3,130,2
3,134,3
3,136,4
3,140,6
3,143,1
3,144,0
3,147,5
3,150,6
3,151,6
3,152,0
3,153,0
3,154,9
3,155,2
3,156,0
3,157,1
3,158,8
3,159,8
3,160,7
3,161,7
3,162,3
3,163,2
3,164,5
3,165,3
3,166,2
3,167,7
3,168,1
4,11,1
4,35,5
4,47,0
4,51,0
4,68,7
4,70,9
4,72,8
4,146,1
4,169,2
4,170,4
4,171,8
4,172,5
4,173,6
4,174,8
4,175,7
4,176,3
4,177,9
4,178,3
4,179,7
4,180,9
4,181,2
4,182,6
4,183,4
5,1,8
5,3,0
5,7,7
5,10,3
5,11,1
5,12,4
5,36,6
5,38,6
5,39,1
5,40,7
5,62,7
5,63,7
5,68,0
5,89,8
5,95,8
5,97,7
5,100,4
5,103,4
5,104,6
5,116,4
5,117,9
5,122,4
5,124,6
5,138,2
5,146,1
5,184,9
5,185,8
5,186,0
5,187,1
5,188,5
5,189,1
5,190,5
5,191,3
5,192,7
5,193,8
5,194,3
5,195,9
5,196,4
5,197,3
5,198,1
5,199,2
5,200,6
5,201,9
5,202,5
5,203,6
5,204,4
5,205,2
5,206,3
5,207,0
5,208,2
5,209,9
5,210,0
5,211,2
5,212,0
5,213,5
5,214,5
5,215,5
5,216,2
5,217,3
5,218,3
5,219,2
5,220,8
5,221,9
6,0,3
6,7,7
6,44,6
6,83,2
6,92,0
6,103,5
6,124,3
6,125,1
6,138,6
6,143,7
6,146,8
6,156,0
6,185,4
6,186,9
6,191,7
6,208,1
6,220,8
6,222,8
6,223,5
6,224,9
6,225,9
6,226,3
6,227,6
6,228,2
6,229,1
6,230,2
6,231,4
6,232,0
7,9,2
7,11,5
7,36,9
7,45,7
7,47,8
7,58,4
7,59,2
7,84,9
7,90,3
7,103,6
7,116,1
7,117,7
7,128,0
7,130,1
7,134,6
7,136,3
7,143,8
7,150,5
7,151,6
7,233,7
7,234,0
7,235,4
8,11,2
8,18,3
8,24,9
8,31,8
8,39,7
8,51,0
8,58,8
8,59,1
8,60,0
8,64,9
8,74,7
8,77,2
8,78,4
8,80,1
8,81,1
8,82,5
8,84,4
8,86,6
8,98,2
8,103,3
8,120,9
8,126,6
8,141,8
8,144,7
8,146,4
8,150,1
8,156,3
8,168,4
8,194,6
8,201,7
8,202,9
8,236,6
8,237,0
8,238,1
8,239,2
8,240,6
8,241,5
8,242,5
8,243,3
8,244,7
8,245,0
8,246,8
8,247,5
8,248,9
8,249,3
8,250,8
8,251,2
8,252,4
8,253,0
8,254,5
9,1,0
9,7,3
9,10,5
9,17,1
9,19,2
9,20,5
9,22,8
9,23,0
9,24,2
9,25,5
9,26,5
9,27,6
9,28,8
9,29,7
9,30,0
9,35,4
9,36,2
9,37,5
9,38,9
9,39,6
9,40,5
9,44,1
9,45,0
9,46,2
9,47,4
9,48,1
9,50,5
9,51,9
9,52,0
9,53,9
9,54,9
9,56,9
9,57,0
9,58,1
9,59,6
9,61,3
9,62,4
9,64,1
9,65,1
9,66,4
9,67,8
9,69,8
9,70,0
9,73,2
9,76,7
9,77,7
9,81,4
9,82,0
9,83,8
9,86,6
9,87,7
9,88,3
9,89,8
9,95,7
9,103,6
9,111,4
9,120,4
9,124,6
9,139,5
9,143,1
9,147,9
9,161,9
9,165,8
9,181,2
9,201,4
9,215,0
9,223,3
9,230,8
9,245,3
9,246,0
9,252,6
9,255,5
9,256,8
9,257,3
9,258,1
9,259,5
9,260,1
9,261,4
9,262,5
9,263,3
9,264,7
9,265,6
9,266,4
9,267,7
9,268,2
9,269,2
9,270,6
9,271,2
9,272,3
9,273,7
9,274,1
9,275,7
9,276,3
9,277,4
9,278,9
9,279,3
9,280,7
9,281,2
9,282,9
9,283,8
9,284,6
9,285,9
10,9,6
10,22,1
10,29,4
10,44,7
10,47,6
10,52,8
10,54,0
10,67,0
10,83,1
10,87,8
10,89,3
10,90,0
10,98,6
10,102,0
10,113,2
10,114,7
10,120,9
10,122,6
10,128,9
10,143,8
10,146,4
10,152,1
10,153,6
10,154,2
10,156,0
10,157,5
10,158,3
10,162,7
10,168,5
10,175,5
10,178,7
10,194,7
10,208,9
10,220,4
10,225,1
10,228,2
10,241,7
10,269,3
10,271,6
10,273,9
10,286,4
10,287,1
10,288,2
10,289,5
10,290,5
10,291,1
10,292,5
10,293,1
10,294,3
10,295,3
10,296,4
10,297,8
10,298,8
10,299,2
10,300,9
10,301,2
10,302,3
10,303,2
10,304,9
10,305,0
10,306,0
10,307,8
10,308,4
11,9,5
11,14,2
11,28,4
11,36,4
11,45,3
11,50,1
11,58,8
11,87,6
11,90,3
11,95,8
11,98,5
11,113,1
11,114,0
11,116,7
11,120,4
11,136,6
11,139,1
11,146,3
11,152,2
11,155,3
11,157,8
11,158,0
11,166,2
11,208,7
11,220,7
11,225,0
11,259,6
11,269,5
11,277,5
11,287,9
11,289,9
11,290,7
11,291,9
11,292,4
11,293,7
11,294,6
11,295,8
11,300,9
11,305,9
11,309,4
11,310,0
11,311,1
11,312,8
11,313,3
11,314,2
11,315,5
11,316,6
12,36,0
12,59,6
12,66,2
12,103,4
12,109,7
12,113,2
12,120,6
12,128,8
12,146,8
12,151,7
12,156,3
12,181,3
12,196,6
12,208,2
12,225,5
12,253,9
12,277,0
12,307,8
12,312,7
12,317,9
12,318,1
12,319,1
12,320,5
12,321,0
12,322,1
12,323,4
12,324,3
12,325,9
13,9,6
13,19,9
13,20,9
13,23,9
13,35,9
13,39,3
13,46,4
13,47,5
13,50,7
13,51,7
13,57,3
13,59,9
13,61,3
13,77,6
13,86,7
13,90,2
13,105,0
13,113,1
13,121,8
13,122,5
13,135,2
13,146,5
13,154,1
13,156,4
13,164,2
13,180,5
13,184,2
13,191,0
13,201,3
13,203,0
13,256,8
13,299,8
13,326,6
13,327,2
13,328,6
13,329,1
13,330,1
13,331,4
13,332,0
13,333,4
13,334,4
13,335,3
13,336,8
13,337,8
13,338,0
13,339,1
13,340,7
13,341,6
13,342,7
13,343,5
14,9,0
14,10,1
14,11,7
14,21,8
14,22,9
14,31,9
14,45,2
14,57,7
14,58,2
14,59,3
14,66,5
14,72,0
14,103,6
14,112,3
14,118,5
14,120,8
14,146,1
14,168,8
14,243,4
14,275,6
14,282,9
14,293,1
14,297,2
14,304,7
14,316,4
14,344,6
14,345,3
14,346,6
14,347,5
14,348,0
14,349,4
15,1,3
15,9,7
15,11,0
15,35,5
15,40,3
15,50,9
15,59,6
15,61,9
15,66,1
15,78,5
15,81,9
15,89,5
15,97,4
15,113,4
15,128,2
15,146,1
15,170,8
15,172,5
15,194,0
15,219,2
15,223,7
15,253,3
15,269,6
15,281,4
15,284,6
15,343,6
15,350,8
15,351,8
15,352,0
15,353,7
15,354,1
15,355,2
16,11,4
16,16,1
16,17,3
16,18,6
16,19,5
16,20,5
16,22,7
16,23,9
16,24,6
16,27,9
16,29,3
16,30,8
16,34,3
16,35,5
16,36,6
16,37,6
16,38,6
16,39,4
16,44,0
16,45,1
16,46,4
16,49,7
16,51,9
16,53,1
16,54,0
16,55,8
16,57,9
16,59,2
16,60,1
16,61,0
16,62,6
16,64,7
16,65,0
16,67,1
16,69,8
16,70,2
16,71,5
16,72,3
16,73,0
16,74,5
16,76,9
16,77,1
16,81,9
16,86,4
16,88,1
16,89,1
16,91,2
16,97,6
16,102,4
16,111,0
16,118,2
16,120,7
16,130,5
16,136,3
16,146,7
16,156,9
16,157,4
16,161,8
16,194,0
16,213,4
16,215,4
16,225,9
16,245,9
16,247,7
16,255,0
16,259,2
16,264,8
16,269,3
16,275,3
16,276,7
16,289,7
16,301,2
16,302,7
16,306,0
16,308,2
16,321,5
16,342,0
16,343,8
16,345,8
16,356,6
16,357,7
16,358,6
16,359,8
16,360,2
16,361,4
16,362,9
16,363,1
16,364,1
16,365,8
16,366,3
16,367,6
16,368,5
16,369,5
16,370,3
16,371,8
16,372,2
17,0,9
17,5,4
17,7,5
17,10,1
17,12,8
17,24,8
17,31,6
17,33,7
17,36,9
17,38,4
17,39,7
17,47,8
17,57,6
17,59,6
17,62,6
17,64,5
17,66,5
17,74,1
17,80,0
17,81,2
17,86,9
17,89,7
17,91,6
17,92,4
17,95,5
17,96,1
17,100,3
17,103,3
17,111,3
17,112,9
17,114,1
17,116,2
17,117,5
17,122,5
17,126,2
17,127,4
17,130,1
17,131,9
17,133,1
17,135,3
17,138,7
17,146,0
17,148,5
17,156,6
17,157,2
17,158,2
17,167,6
17,175,9
17,185,8
17,186,5
17,188,8
17,189,7
17,190,1
17,191,2
17,193,4
17,194,7
17,195,3
17,196,3
17,202,9
17,205,2
17,206,7
17,207,6
17,214,9
17,216,6
17,217,2
17,218,0
17,219,7
17,221,1
17,222,5
17,224,8
17,227,6
17,229,1
17,231,7
17,251,8
17,290,2
17,293,6
17,304,7
17,305,0
17,309,7
17,310,0
17,314,1
17,316,6
17,321,4
17,322,2
17,353,6
17,360,3
17,368,9
17,372,8
17,373,4
17,374,8
17,375,1
17,376,9
17,377,8
17,378,9
17,379,8
17,380,0
17,381,5
17,382,4
17,383,4
17,384,8
17,385,3
17,386,9
17,387,4
17,388,0
17,389,3
17,390,8
17,391,9
17,392,4
17,393,0
17,394,5
17,395,7
17,396,2
17,397,4
17,398,0
17,399,1
17,400,3
17,401,1
17,402,0
17,403,5
17,404,3
17,405,2
17,406,3
17,407,7
17,408,0
17,409,5
17,410,8
17,411,2
17,412,0
17,413,5
17,414,0
17,415,7
17,416,4
17,417,3
17,418,6
18,9,4
18,45,5
18,47,9
18,50,6
18,76,3
18,80,2
18,90,7
18,94,3
18,101,5
18,106,4
18,111,0
18,113,3
18,114,8
18,118,8
18,130,2
18,134,0
18,136,6
18,139,4
18,143,9
18,146,1
18,147,8
18,150,4
18,154,5
18,155,0
18,159,5
18,239,9
18,272,7
18,305,3
18,320,6
18,419,1
18,420,1
18,421,7
18,422,2
19,9,2
19,24,8
19,35,6
19,36,6
19,44,4
19,45,4
19,47,4
19,50,3
19,58,3
19,80,2
19,90,0
19,100,0
19,103,3
19,106,6
19,111,7
19,112,7
19,114,7
19,120,9
19,126,3
19,128,4
19,130,0
19,134,1
19,136,0
19,143,2
19,146,1
19,147,5
19,150,1
19,151,6
19,152,2
19,153,8
19,154,5
19,155,9
19,157,0
19,167,1
19,168,4
19,175,9
19,239,8
19,247,7
19,251,5
19,288,2
19,290,8
19,291,3
19,292,6
19,305,5
19,314,5
19,344,9
19,423,1
20,9,3
20,15,8
20,45,6
20,47,0
20,50,0
20,55,7
20,58,2
20,109,1
20,111,2
20,129,8
20,134,5
20,136,4
20,143,7
20,146,1
20,153,4
20,159,9
20,250,9
20,287,6
20,349,5
21,11,7
21,44,4
21,45,5
21,52,2
21,57,4
21,89,7
21,106,3
21,120,1
21,124,9
21,130,8
21,143,1
21,146,5
21,147,3
21,241,6
21,272,2
21,293,0
21,343,8
21,349,0
21,424,9
22,11,5
22,14,5
22,21,6
22,27,0
22,31,4
22,36,5
22,45,2
22,47,0
22,50,2
22,54,4
22,57,0
22,58,5
22,63,9
22,87,6
22,90,9
22,94,5
22,98,3
22,106,1
22,109,0
22,113,0
22,114,3
22,116,9
22,128,3
22,129,7
22,133,8
22,134,2
22,139,3
22,146,8
22,149,4
22,152,5
22,153,7
22,156,1
22,157,8
22,158,4
22,161,5
22,166,2
22,167,3
22,168,6
22,170,6
22,171,0
22,175,1
22,178,4
22,204,8
22,209,7
22,213,0
22,215,4
22,220,1
22,226,9
22,239,9
22,240,1
22,273,9
22,277,6
22,288,6
22,290,9
22,291,8
22,292,6
22,293,2
22,294,4
22,295,8
22,296,5
22,303,1
22,305,8
22,311,4
22,313,3
22,314,3
22,316,6
22,321,7
22,328,7
22,345,0
22,347,1
22,349,3
22,375,8
22,420,1
22,425,7
22,426,7
22,427,2
22,428,6
22,429,7
22,430,2
22,431,9
22,432,2
23,10,5
23,122,2
23,127,6
23,133,8
23,168,5
23,175,7
23,251,0
23,253,4
23,305,9
23,433,3
23,434,1
24,11,0
24,12,8
24,66,3
24,113,6
24,121,2
24,146,9
24,150,1
24,196,1
24,253,5
24,317,9
24,320,7
24,324,0
24,354,8
24,428,4
25,27,2
25,54,5
25,61,6
25,73,1
25,103,3
25,105,9
25,146,8
25,166,8
25,306,0
25,397,4
25,435,7
26,10,7
26,11,0
26,31,1
26,36,3
26,40,9
26,45,7
26,47,6
26,50,9
26,58,9
26,66,7
26,89,2
26,92,4
26,95,9
26,97,3
26,106,0
26,117,3
26,122,9
26,128,1
26,129,9
26,130,6
26,141,3
26,143,2
26,146,5
26,147,2
26,150,5
26,160,0
26,168,0
26,171,6
26,179,1
26,181,2
26,194,0
26,196,4
26,204,7
26,208,3
26,226,7
26,230,1
26,239,3
26,241,4
26,243,5
26,252,4
26,266,2
26,281,1
26,289,6
26,305,6
26,313,0
26,318,8
26,319,8
26,331,2
26,350,7
26,351,1
26,354,5
26,356,5
26,359,8
26,379,8
26,408,4
26,436,8
26,437,8
26,438,4
27,1,7
27,38,0
27,59,3
27,81,8
27,103,6
27,122,5
27,241,1
27,253,9
27,409,4
28,11,9
28,16,4
28,17,1
28,20,5
28,27,9
28,29,9
28,34,0
28,35,4
28,41,4
28,51,1
28,54,2
28,56,0
28,60,1
28,61,3
28,64,7
28,65,1
28,73,5
28,77,2
28,88,6
28,97,2
28,106,0
28,109,4
28,113,1
28,130,5
28,146,5
28,149,6
28,215,0
28,254,0
28,259,6
28,264,8
28,269,8
28,281,3
28,289,3
28,296,8
28,297,8
28,300,7
28,301,7
28,303,9
28,367,2
28,431,2
28,439,3
28,440,9
28,441,6
28,442,7
29,11,9
29,13,5
29,27,8
29,35,7
29,38,4
29,40,2
29,47,5
29,52,0
29,55,2
29,56,3
29,60,6
29,61,0
29,65,1
29,76,3
29,97,5
29,130,7
29,136,8
29,156,9
29,161,4
29,162,1
29,194,9
29,201,8
29,220,5
29,225,9
29,233,6
29,263,8
29,268,3
29,269,1
29,281,7
29,295,6
29,297,0
29,302,7
29,306,2
29,367,1
29,441,4
29,443,6
29,444,3
29,445,0
29,446,4
30,21,4
30,31,0
30,35,4
30,40,7
30,44,9
30,45,1
30,47,0
30,60,5
30,61,2
30,73,9
30,81,5
30,84,2
30,91,3
30,106,4
30,120,5
30,130,9
30,136,3
30,147,8
30,149,7
30,153,8
30,210,6
30,220,1
30,261,0
30,263,3
30,268,8
30,388,6
30,447,6
30,448,7
31,9,9
31,10,8
31,11,7
31,17,0
31,21,1
31,22,6
31,23,2
31,27,2
31,30,5
31,31,5
31,35,0
31,36,4
31,40,9
31,46,2
31,47,5
31,50,5
31,58,0
31,60,4
31,61,3
31,62,2
31,66,2
31,67,9
31,73,0
31,86,9
31,88,8
31,91,9
31,95,7
31,97,7
31,99,1
31,103,7
31,111,0
31,113,4
31,120,4
31,122,6
31,126,9
31,135,6
31,143,8
31,146,0
31,147,0
31,150,1
31,153,8
31,170,3
31,171,0
31,179,8
31,191,9
31,194,2
31,196,7
31,201,7
31,202,6
31,204,3
31,208,3
31,219,2
31,220,3
31,223,4
31,226,1
31,230,6
31,238,5
31,241,6
31,247,1
31,252,7
31,253,2
31,255,6
31,263,3
31,265,7
31,275,4
31,281,4
31,287,9
31,289,5
31,296,8
31,297,8
31,298,8
31,302,8
31,305,3
31,318,5
31,331,7
31,332,4
31,341,1
31,350,1
31,351,0
31,359,1
31,370,6
31,379,2
31,425,6
31,449,5
31,450,9
31,451,3
31,452,1
31,453,4
31,454,3
32,10,9
32,12,4
32,24,8
32,45,6
32,47,0
32,50,2
32,57,2
32,58,3
32,59,7
32,66,9
32,73,9
32,84,0
32,103,5
32,106,5
32,109,6
32,111,7
32,118,3
32,120,3
32,121,1
32,126,0
32,129,1
32,130,1
32,133,5
32,136,7
32,139,8
32,141,0
32,142,2
32,157,4
32,158,3
32,161,8
32,206,2
32,215,2
32,238,1
32,244,5
32,250,5
32,262,1
32,266,4
32,282,6
32,304,4
32,312,6
32,320,4
32,348,3
32,362,9
32,396,8
32,415,7
32,437,6
33,9,3
33,10,2
33,35,0
33,50,7
33,57,0
33,58,1
33,66,6
33,84,6
33,90,9
33,98,4
33,113,5
33,120,4
33,124,3
33,129,7
33,143,6
33,144,1
33,147,3
33,156,1
33,208,2
33,222,8
33,293,2
33,304,9
33,316,5
33,322,4
33,334,8
33,349,5
34,9,2
34,24,1
34,31,2
34,36,9
34,45,9
34,47,1
34,50,3
34,58,8
34,90,0
34,99,7
34,100,0
34,103,4
34,106,7
34,110,0
34,116,4
34,118,6
34,134,4
34,136,1
34,140,7
34,143,5
34,150,8
34,152,6
34,153,1
34,154,6
34,163,8
34,191,3
34,242,3
34,272,8
34,291,0
34,300,5
34,313,9
34,388,2
34,415,9
34,455,5
35,0,1
35,9,3
35,13,0
35,20,6
35,27,3
35,35,3
35,36,4
35,43,6
35,44,7
35,45,3
35,56,7
35,59,5
35,60,0
35,61,0
35,70,2
35,73,1
35,81,7
35,102,9
35,120,2
35,136,2
35,143,5
35,146,8
35,147,1
35,154,5
35,156,4
35,169,2
35,178,5
35,181,2
35,183,1
35,196,9
35,201,6
35,220,6
35,226,4
35,300,9
35,302,4
35,303,3
35,308,8
35,313,7
35,363,1
35,388,8
35,436,8
35,443,0
35,444,9
35,456,0
35,457,4
36,11,4
36,36,0
36,80,8
36,113,6
36,120,5
36,130,7
36,157,2
36,159,3
36,292,9
36,447,1
37,1,7
37,9,6
37,10,1
37,11,1
37,20,1
37,23,6
37,31,7
37,45,4
37,47,0
37,50,8
37,57,7
37,58,0
37,59,0
37,61,6
37,66,3
37,70,5
37,80,6
37,89,5
37,106,4
37,109,3
37,111,4
37,113,9
37,120,7
37,122,7
37,124,0
37,126,3
37,129,7
37,130,3
37,141,2
37,144,8
37,145,4
37,146,5
37,147,3
37,153,8
37,156,1
37,157,9
37,159,1
37,164,7
37,168,9
37,177,4
37,191,2
37,193,9
37,194,5
37,196,0
37,208,2
37,220,3
37,228,5
37,238,1
37,241,1
37,242,2
37,243,5
37,245,0
37,246,9
37,252,2
37,259,5
37,287,6
37,293,8
37,300,7
37,304,9
37,311,9
37,313,8
37,316,2
37,320,5
37,341,6
37,343,6
37,349,4
37,428,6
37,447,3
37,449,8
37,458,8
37,459,4
37,460,4
37,461,0
37,462,2
38,11,1
38,16,5
38,17,0
38,23,6
38,29,2
38,30,5
38,35,2
38,36,7
38,40,8
38,44,9
38,54,1
38,56,8
38,61,4
38,88,3
38,102,7
38,113,3
38,146,9
38,156,4
38,161,3
38,201,6
38,281,0
38,300,4
38,442,2
39,0,2
39,1,4
39,5,1
39,7,7
39,10,5
39,11,8
39,12,6
39,39,7
39,49,3
39,51,0
39,64,4
39,68,9
39,83,6
39,95,2
39,96,0
39,111,9
39,112,2
39,117,4
39,118,5
39,125,2
39,138,9
39,146,9
39,148,5
39,185,0
39,186,7
39,189,2
39,190,7
39,191,6
39,195,4
39,197,7
39,202,5
39,205,1
39,207,6
39,216,8
39,217,2
39,222,9
39,224,4
39,229,1
39,231,5
39,241,5
39,287,1
39,290,4
39,305,8
39,310,8
39,314,0
39,315,9
39,334,9
39,349,0
39,378,1
39,380,8
39,383,3
39,388,3
39,391,4
39,393,5
39,394,6
39,396,1
39,398,5
39,399,8
39,401,0
39,402,3
39,403,6
39,404,3
39,410,8
39,413,7
39,414,1
39,416,7
39,420,6
39,434,4
39,463,3
39,464,0
39,465,2
39,466,3
39,467,3
40,9,2
40,57,8
40,66,1
40,103,3
40,124,6
40,146,1
40,168,4
40,242,5
40,293,0
40,304,3
40,316,4
40,323,9
40,349,5
40,468,2
40,469,7
41,22,1
41,23,9
41,27,8
41,130,7
41,146,0
41,161,5
41,282,6
41,297,4
41,444,2
42,0,9
42,3,0
42,5,9
42,7,5
42,10,6
42,11,5
42,12,1
42,14,1
42,22,9
42,23,6
42,24,4
42,26,3
42,33,9
42,39,6
42,45,0
42,47,5
42,48,4
42,49,0
42,59,3
42,63,4
42,69,4
42,77,3
42,87,1
42,100,6
42,103,4
42,117,0
42,126,9
42,131,6
42,138,0
42,146,0
42,148,4
42,179,0
42,185,8
42,186,3
42,191,5
42,195,6
42,202,7
42,204,9
42,205,8
42,207,3
42,214,8
42,215,6
42,216,7
42,217,4
42,219,1
42,220,5
42,221,9
42,223,2
42,224,8
42,227,0
42,232,5
42,241,1
42,284,7
42,310,7
42,320,1
42,353,7
42,385,7
42,386,8
42,391,1
42,393,5
42,398,8
42,401,7
42,404,3
42,407,2
42,409,8
42,410,2
42,412,2
42,415,1
42,464,3
42,470,9
42,471,2
42,472,2
42,473,7
42,474,8
42,475,2
43,0,0
43,21,9
43,44,5
43,47,1
43,84,1
43,91,2
43,92,3
43,97,9
43,111,0
43,126,7
43,127,4
43,133,2
43,135,8
43,334,6
43,384,3
43,429,8
44,3,7
44,7,6
44,9,9
44,10,4
44,11,8
44,12,1
44,13,1
44,14,0
44,20,5
44,22,0
44,24,2
44,31,9
44,39,5
44,47,0
44,50,6
44,51,3
44,52,2
44,53,8
44,55,3
44,58,7
44,59,0
44,66,0
44,68,9
44,80,0
44,81,4
44,83,8
44,89,0
44,92,9
44,97,0
44,99,4
44,103,4
44,107,4
44,111,7
44,113,9
44,115,1
44,118,7
44,120,9
44,121,5
44,122,8
44,124,9
44,133,6
44,135,5
44,141,7
44,143,8
44,146,1
44,147,1
44,148,5
44,150,7
44,153,1
44,156,7
44,159,0
44,172,6
44,175,6
44,178,2
44,179,6
44,180,3
44,194,8
44,196,2
44,201,5
44,202,1
44,203,6
44,204,5
44,208,0
44,209,8
44,212,4
44,218,0
44,220,3
44,222,7
44,223,1
44,225,6
44,226,7
44,235,2
44,241,0
44,247,4
44,252,6
44,253,5
44,255,4
44,256,2
44,257,1
44,259,3
44,263,4
44,268,4
44,269,3
44,277,6
44,282,8
44,284,5
44,286,0
44,289,2
44,294,1
44,295,6
44,298,1
44,307,3
44,309,5
44,310,3
44,317,8
44,320,2
44,321,8
44,323,6
44,324,2
44,326,3
44,328,9
44,331,5
44,336,1
44,342,7
44,350,2
44,351,0
44,356,3
44,378,9
44,386,5
44,388,7
44,391,4
44,398,5
44,400,8
44,420,8
44,424,9
44,426,6
44,427,2
44,432,8
44,434,2
44,436,9
44,437,9
44,438,7
44,441,1
44,454,3
44,469,3
44,476,7
44,477,6
44,478,5
44,479,4
44,480,8
44,481,2
44,482,5
44,483,9
44,484,1
44,485,4
44,486,3
44,487,9
44,488,7
44,489,4
44,490,2
44,491,3
45,1,5
45,10,8
45,11,8
45,22,0
45,35,3
45,38,0
45,59,6
45,68,1
45,69,5
45,81,7
45,84,3
45,95,9
45,97,9
45,103,4
45,107,5
45,113,8
45,116,2
45,123,6
45,125,3
45,130,7
45,141,6
45,147,4
45,159,0
45,176,3
45,177,8
45,190,7
45,195,5
45,197,2
45,204,9
45,206,4
45,219,9
45,222,3
45,223,2
45,236,1
45,238,6
45,253,4
45,257,0
45,282,1
45,284,2
45,286,0
45,294,8
45,320,8
45,325,9
45,326,4
45,343,2
45,351,1
45,357,7
45,375,1
45,392,7
45,397,0
45,398,3
45,400,1
45,407,2
45,420,1
45,424,7
45,426,5
45,438,9
45,447,9
45,490,6
45,492,7
45,493,8
45,494,6
45,495,5
45,496,0
45,497,4
46,10,8
46,24,5
46,45,4
46,47,7
46,66,9
46,92,4
46,111,1
46,206,1
46,218,0
46,233,6
46,266,3
46,352,5
46,378,7
46,425,2
46,453,6
46,496,3
46,498,2
47,3,6
47,10,0
47,25,0
47,45,1
47,47,7
47,62,1
47,66,9
47,84,5
47,91,3
47,92,7
47,100,5
47,107,0
47,110,4
47,111,4
47,118,1
47,120,8
47,126,8
47,127,8
47,128,6
47,133,9
47,145,5
47,197,3
47,204,3
47,213,9
47,219,0
47,239,4
47,266,6
47,280,3
47,309,1
47,313,5
47,317,2
47,379,2
47,437,4
47,464,2
47,499,7
47,500,9
47,501,2
48,9,8
48,11,9
48,40,9
48,44,0
48,50,3
48,64,0
48,68,7
48,76,3
48,97,6
48,99,7
48,113,4
48,114,9
48,115,3
48,126,3
48,129,1
48,146,6
48,147,5
48,158,0
48,161,2
48,179,0
48,182,5
48,186,5
48,194,4
48,196,2
48,201,7
48,247,6
48,253,1
48,255,8
48,257,8
48,259,5
48,261,8
48,264,9
48,268,4
48,274,4
48,293,4
48,294,1
48,305,6
48,306,9
48,308,7
48,316,6
48,356,2
48,427,7
48,432,3
48,444,0
48,450,1
48,459,1
48,484,2
48,491,5
48,502,2
49,1,6
49,7,3
49,10,8
49,12,1
49,20,8
49,22,0
49,23,2
49,31,4
49,32,7
49,33,1
49,35,6
49,36,0
49,38,7
49,39,3
49,40,0
49,45,4
49,47,2
49,48,4
49,49,2
49,69,5
49,70,8
49,89,9
49,96,3
49,100,6
49,104,2
49,105,9
49,116,8
49,117,1
49,125,8
49,127,3
49,130,4
49,131,8
49,138,7
49,185,2
49,186,7
49,189,2
49,190,6
49,202,2
49,205,4
49,209,7
49,214,5
49,216,9
49,219,5
49,221,3
49,222,6
49,223,0
49,227,1
49,230,5
49,232,8
49,284,5
49,309,0
49,311,2
49,315,7
49,343,0
49,351,4
49,357,5
49,378,3
49,379,9
49,382,1
49,383,0
49,388,1
49,391,6
49,392,9
49,394,3
49,399,5
49,411,3
49,412,6
49,415,9
49,416,9
49,434,4
49,467,1
49,503,7
49,504,5
49,505,1
49,506,4
50,10,2
50,21,1
50,45,0
50,47,8
50,48,3
50,66,6
50,97,7
50,113,8
50,128,4
50,143,5
50,147,9
50,203,6
50,218,7
50,253,6
50,264,3
50,272,5
50,288,4
50,297,2
50,395,5
50,420,9
50,507,0
50,508,1
51,1,2
51,6,4
51,7,4
51,10,4
51,11,1
51,12,6
51,20,3
51,21,5
51,22,6
51,24,0
51,25,9
51,31,8
51,32,7
51,33,6
51,36,8
51,38,8
51,39,9
51,40,8
51,44,1
51,45,6
51,48,9
51,49,9
51,53,7
51,57,3
51,58,1
51,59,6
51,62,0
51,66,0
51,69,3
51,70,2
51,71,5
51,72,7
51,77,1
51,81,5
51,82,9
51,83,1
51,84,4
51,87,2
51,89,8
51,91,6
51,92,6
51,93,0
51,94,5
51,97,2
51,100,2
51,103,9
51,104,2
51,106,6
51,108,2
51,111,2
51,112,8
51,113,8
51,117,4
51,118,2
51,119,7
51,120,9
51,121,2
51,122,4
51,124,3
51,125,3
51,126,9
51,127,3
51,130,6
51,132,3
51,133,7
51,135,4
51,136,1
51,137,7
51,143,4
51,145,1
51,146,7
51,147,5
51,149,5
51,150,4
51,151,4
51,153,9
51,154,2
51,156,3
51,164,4
51,175,3
51,177,7
51,178,1
51,181,3
51,184,1
51,185,8
51,187,7
51,190,5
51,191,0
51,194,3
51,201,5
51,203,9
51,206,8
51,208,7
51,214,0
51,215,9
51,219,8
51,220,4
51,222,1
51,223,2
51,225,5
51,226,7
51,228,5
51,230,6
51,234,1
51,241,0
51,242,8
51,245,2
51,247,5
51,251,9
51,256,5
51,260,8
51,262,4
51,268,0
51,276,2
51,278,7
51,280,3
51,282,7
51,286,4
51,287,0
51,300,9
51,310,9
51,319,1
51,321,9
51,329,0
51,330,0
51,331,5
51,332,6
51,337,4
51,343,6
51,349,1
51,354,2
51,356,1
51,357,3
51,358,8
51,365,8
51,367,0
51,369,8
51,378,0
51,382,8
51,384,5
51,386,7
51,388,3
51,392,4
51,397,1
51,399,2
51,400,3
51,416,8
51,419,0
51,429,2
51,431,0
51,434,5
51,438,0
51,442,9
51,458,5
51,461,1
51,463,9
51,465,7
51,467,9
51,478,3
51,491,4
51,495,6
51,501,6
51,509,7
51,510,0
51,511,6
51,512,5
51,513,2
51,514,7
51,515,6
51,516,3
51,517,6
51,518,1
51,519,3
51,520,3
51,521,6
51,522,1
51,523,8
51,524,5
51,525,4
51,526,7
51,527,0
52,0,6
52,3,7
52,5,9
52,7,9
52,10,1
52,12,5
52,21,3
52,26,9
52,31,9
52,33,0
52,36,7
52,39,2
52,44,3
52,45,7
52,47,8
52,48,8
52,49,5
52,62,9
52,63,7
52,66,8
52,69,2
52,70,2
52,77,2
52,79,4
52,80,3
52,84,2
52,87,9
52,89,6
52,91,9
52,92,7
52,93,3
52,100,1
52,103,7
52,104,3
52,106,8
52,111,4
52,112,4
52,113,2
52,116,2
52,117,5
52,119,6
52,120,8
52,122,1
52,124,1
52,125,3
52,126,4
52,131,1
52,132,8
52,133,0
52,136,8
52,137,4
52,145,2
52,146,9
52,147,5
52,148,8
52,153,0
52,156,0
52,177,0
52,180,2
52,184,6
52,185,8
52,186,0
52,189,8
52,190,7
52,191,0
52,195,4
52,196,5
52,197,3
52,202,3
52,204,4
52,205,9
52,207,9
52,208,0
52,209,5
52,216,3
52,217,1
52,218,6
52,219,9
52,221,2
52,222,4
52,224,6
52,225,1
52,229,2
52,230,4
52,231,4
52,232,8
52,238,7
52,241,3
52,245,7
52,251,6
52,252,0
52,257,0
52,262,7
52,268,6
52,277,7
52,278,4
52,280,7
52,282,1
52,305,2
52,310,5
52,320,1
52,326,9
52,347,4
52,348,0
52,351,0
52,353,1
52,356,8
52,368,9
52,372,5
52,373,5
52,374,1
52,377,3
52,378,5
52,382,3
52,384,2
52,386,3
52,388,9
52,389,4
52,394,1
52,398,1
52,399,5
52,400,0
52,402,5
52,403,6
52,409,0
52,410,6
52,412,1
52,413,7
52,416,0
52,422,2
52,423,5
52,434,9
52,455,8
52,456,8
52,464,1
52,471,0
52,473,2
52,474,6
52,496,6
52,504,5
52,505,4
52,510,1
52,511,8
52,516,6
52,519,4
52,527,5
52,528,7
52,529,7
52,530,6
52,531,3
52,532,3
52,533,9
52,534,6
53,0,2
53,1,0
53,8,6
53,10,4
53,12,2
53,15,7
53,20,6
53,22,1
53,38,5
53,39,8
53,44,2
53,47,7
53,58,6
53,61,9
53,62,6
53,66,5
53,81,4
53,84,2
53,89,8
53,91,5
53,92,0
53,93,3
53,95,0
53,99,2
53,109,9
53,111,4
53,116,2
53,117,4
53,118,0
53,119,6
53,123,1
53,124,8
53,125,3
53,126,9
53,130,9
53,132,0
53,136,6
53,138,9
53,139,7
53,141,1
53,144,6
53,147,5
53,148,9
53,179,3
53,181,3
53,186,9
53,188,7
53,189,5
53,191,7
53,193,3
53,195,6
53,197,8
53,199,5
53,202,7
53,204,1
53,205,4
53,209,4
53,213,7
53,216,5
53,217,5
53,218,5
53,226,8
53,233,2
53,235,9
53,238,1
53,239,8
53,245,2
53,250,7
53,254,8
53,266,0
53,277,0
53,278,9
53,282,3
53,298,6
53,310,7
53,311,7
53,315,7
53,326,3
53,337,0
53,355,1
53,356,1
53,358,1
53,374,9
53,375,7
53,381,9
53,382,8
53,386,6
53,390,5
53,391,1
53,394,4
53,396,0
53,398,0
53,399,2
53,410,4
53,411,3
53,412,1
53,413,8
53,414,8
53,415,6
53,436,3
53,447,3
53,464,4
53,467,5
53,470,2
53,471,5
53,488,8
53,500,6
53,504,4
53,507,3
53,525,4
53,532,1
53,534,0
53,535,8
53,536,4
53,537,2
54,17,3
54,27,9
54,35,7
54,40,5
54,71,8
54,76,6
54,91,0
54,118,6
54,146,8
54,261,9
54,271,4
54,306,7
54,308,1
54,443,2
54,522,0
55,28,8
55,50,2
55,104,6
55,120,0
55,143,5
55,191,7
55,194,1
55,259,8
55,441,3
55,447,7
55,484,9
55,485,4
56,8,0
56,9,5
56,10,1
56,12,4
56,17,8
56,20,8
56,21,5
56,22,9
56,24,0
56,27,4
56,28,7
56,29,2
56,31,1
56,36,0
56,38,8
56,39,4
56,40,3
56,43,3
56,44,1
56,45,6
56,47,2
56,50,6
56,53,3
56,56,4
56,58,3
56,59,8
56,66,4
56,67,9
56,77,9
56,78,2
56,79,7
56,80,6
56,81,8
56,83,4
56,84,4
56,86,5
56,88,0
56,89,7
56,96,6
56,97,4
56,98,0
56,103,2
56,107,4
56,111,4
56,113,9
56,115,3
56,116,2
56,120,6
56,121,7
56,122,7
56,124,3
56,125,8
56,126,5
56,130,1
56,133,6
56,136,7
56,138,9
56,141,8
56,143,4
56,144,5
56,145,9
56,146,6
56,147,2
56,148,8
56,149,1
56,150,8
56,151,1
56,152,0
56,156,0
56,157,4
56,161,6
56,168,9
56,170,4
56,172,9
56,175,1
56,176,7
56,177,7
56,184,1
56,185,9
56,187,2
56,193,8
56,194,5
56,201,6
56,204,8
56,208,9
56,220,1
56,222,3
56,223,1
56,225,4
56,230,5
56,233,6
56,234,2
56,238,4
56,239,8
56,240,3
56,241,1
56,242,9
56,243,0
56,244,3
56,245,7
56,246,6
56,247,0
56,248,2
56,249,9
56,250,8
56,252,5
56,253,2
56,254,4
56,255,5
56,256,2
56,259,9
56,263,2
56,264,0
56,266,8
56,268,0
56,271,5
56,273,0
56,276,2
56,277,0
56,278,1
56,281,6
56,282,7
56,284,9
56,286,8
56,289,2
56,290,2
56,294,0
56,298,7
56,302,8
56,304,0
56,315,4
56,317,5
56,319,3
56,320,6
56,322,7
56,323,6
56,326,9
56,331,2
56,332,0
56,337,6
56,342,8
56,343,4
56,347,3
56,348,5
56,350,3
56,351,7
56,354,3
56,355,0
56,356,9
56,357,7
56,358,2
56,360,5
56,362,5
56,363,0
56,372,1
56,378,3
56,380,9
56,386,2
56,387,0
56,395,2
56,407,2
56,408,7
56,413,1
56,419,7
56,420,5
56,421,3
56,424,6
56,426,6
56,433,7
56,436,7
56,437,8
56,438,7
56,440,6
56,441,0
56,447,4
56,452,1
56,453,5
56,456,9
56,457,5
56,459,3
56,469,6
56,481,9
56,482,1
56,484,1
56,485,1
56,487,6
56,488,5
56,489,9
56,490,5
56,492,4
56,495,3
56,496,9
56,499,8
56,514,3
56,526,3
56,529,3
56,532,5
56,533,4
56,534,6
56,538,1
56,539,7
56,540,3
56,541,5
56,542,7
56,543,1
56,544,8
56,545,8
56,546,2
57,7,2
57,13,0
57,34,1
57,36,9
57,37,3
57,45,6
57,47,9
57,57,7
57,58,5
57,66,6
57,70,4
57,74,1
57,75,8
57,91,1
57,94,3
57,97,2
57,107,4
57,114,6
57,120,8
57,122,1
57,123,8
57,130,3
57,143,6
57,157,5
57,171,2
57,172,5
57,194,9
57,196,0
57,233,3
57,255,6
57,260,7
57,277,5
57,286,7
57,299,0
57,337,0
57,343,3
57,367,2
57,397,4
57,418,5
57,419,8
57,420,6
57,421,1
57,439,8
57,453,9
57,460,5
57,469,4
57,488,2
57,494,9
57,509,4
57,547,0
57,548,7
57,549,7
58,4,7
58,22,4
58,31,1
58,32,3
58,50,1
58,57,9
58,58,5
58,66,0
58,70,0
58,89,7
58,97,2
58,103,2
58,113,8
58,114,8
58,120,2
58,124,6
58,130,3
58,142,4
58,143,4
58,146,9
58,147,7
58,150,3
58,153,8
58,157,7
58,158,9
58,159,9
58,166,3
58,168,6
58,175,7
58,179,6
58,184,6
58,203,3
58,228,1
58,241,5
58,242,0
58,252,1
58,269,0
58,289,4
58,290,8
58,291,5
58,292,6
58,293,7
58,295,4
58,298,5
58,304,3
58,306,4
58,314,5
58,316,5
58,339,9
58,343,9
58,349,0
58,390,6
58,430,1
58,432,2
58,462,0
58,481,8
58,485,6
58,518,2
58,538,5
58,539,8
58,550,1
58,551,2
59,7,3
59,10,8
59,12,0
59,63,0
59,92,0
59,95,4
59,117,5
59,185,1
59,186,8
59,189,5
59,190,2
59,191,3
59,195,7
59,207,4
59,214,0
59,216,6
59,217,5
59,219,1
59,221,3
59,231,7
59,267,2
59,315,9
59,352,6
59,378,2
59,382,6
59,398,4
59,399,9
59,406,1
59,416,7
59,417,1
59,451,8
59,460,9
60,5,8
60,7,8
60,10,0
60,12,5
60,15,3
60,24,9
60,31,5
60,33,7
60,39,6
60,40,5
60,42,7
60,43,3
60,44,7
60,45,1
60,47,5
60,52,3
60,58,1
60,59,0
60,62,4
60,66,4
60,81,7
60,91,9
60,92,9
60,93,7
60,97,9
60,100,5
60,103,4
60,111,5
60,112,2
60,113,1
60,117,7
60,125,1
60,126,6
60,133,6
60,141,1
60,146,6
60,153,5
60,185,6
60,186,4
60,190,8
60,191,2
60,195,9
60,202,5
60,205,3
60,206,0
60,207,2
60,216,4
60,217,8
60,219,0
60,223,1
60,225,3
60,227,7
60,229,8
60,230,6
60,232,4
60,233,7
60,238,5
60,244,2
60,247,8
60,251,6
60,254,4
60,277,1
60,284,1
60,300,6
60,310,8
60,311,7
60,315,7
60,358,9
60,365,6
60,378,8
60,379,8
60,380,9
60,382,2
60,385,3
60,391,3
60,399,3
60,407,2
60,410,0
60,411,8
60,415,0
60,416,3
60,426,4
60,437,6
60,467,1
60,472,2
60,483,2
60,504,4
60,515,2
60,525,5
60,537,9
60,538,9
60,552,0
60,553,0
60,554,0
60,555,0
60,556,9
61,11,1
61,35,9
61,36,6
61,45,5
61,47,1
61,50,0
61,57,8
61,66,7
61,84,3
61,92,3
61,147,7
61,164,8
61,166,5
61,204,2
61,245,0
61,286,6
61,420,4
61,455,2
61,468,4
61,532,9
62,10,9
62,12,8
62,14,8
62,15,1
62,24,6
62,36,6
62,39,7
62,58,5
62,59,3
62,66,4
62,81,0
62,84,4
62,89,0
62,100,4
62,111,9
62,120,7
62,124,6
62,125,2
62,138,6
62,146,9
62,147,9
62,191,5
62,202,9
62,204,8
62,205,5
62,208,2
62,220,4
62,224,0
62,225,1
62,228,0
62,254,3
62,257,5
62,282,5
62,285,3
62,337,4
62,351,7
62,381,2
62,400,2
62,410,3
62,413,3
62,454,8
62,477,8
62,480,7
62,488,0
62,505,6
62,536,1
62,557,1
62,558,7
62,559,1
62,560,2
63,0,1
63,1,6
63,3,0
63,5,7
63,7,8
63,10,6
63,35,7
63,36,2
63,39,0
63,48,4
63,59,6
63,69,7
63,92,8
63,100,2
63,103,6
63,117,8
63,138,4
63,185,7
63,186,3
63,191,8
63,195,5
63,202,1
63,207,4
63,214,5
63,219,3
63,223,9
63,224,1
63,231,9
63,232,5
63,309,5
63,337,0
63,357,0
63,378,2
63,379,8
63,382,4
63,393,4
63,399,1
63,415,7
63,416,5
63,417,2
63,467,6
63,473,3
63,492,9
63,504,3
63,531,9
64,0,8
64,3,1
64,4,1
64,9,0
64,10,9
64,12,5
64,17,7
64,24,5
64,25,3
64,27,0
64,30,6
64,31,1
64,35,9
64,36,9
64,39,5
64,40,5
64,44,0
64,47,7
64,50,2
64,52,6
64,54,4
64,57,9
64,58,3
64,59,6
64,66,0
64,84,4
64,89,7
64,95,7
64,97,3
64,99,9
64,100,3
64,103,4
64,104,4
64,105,9
64,107,5
64,110,9
64,111,2
64,113,8
64,114,4
64,116,8
64,117,9
64,118,1
64,120,0
64,125,9
64,126,1
64,127,4
64,130,2
64,131,1
64,133,9
64,138,9
64,141,1
64,145,3
64,153,1
64,155,6
64,156,0
64,161,8
64,167,4
64,169,8
64,175,0
64,176,8
64,177,7
64,179,2
64,180,6
64,185,2
64,186,6
64,191,5
64,202,0
64,204,3
64,205,8
64,207,5
64,209,3
64,210,1
64,216,7
64,217,4
64,219,2
64,220,5
64,221,6
64,233,8
64,238,1
64,243,9
64,247,8
64,250,6
64,251,8
64,253,1
64,260,3
64,264,9
64,280,2
64,289,4
64,294,3
64,295,4
64,296,0
64,298,7
64,301,7
64,302,4
64,311,1
64,313,4
64,314,6
64,315,5
64,318,7
64,320,8
64,326,8
64,337,2
64,343,4
64,366,2
64,378,9
64,379,0
64,382,2
64,386,5
64,388,0
64,395,4
64,401,7
64,408,5
64,413,7
64,419,3
64,420,8
64,426,7
64,429,2
64,432,1
64,437,2
64,441,8
64,455,6
64,456,6
64,470,7
64,479,9
64,484,0
64,485,5
64,492,0
64,493,5
64,494,3
64,505,0
64,507,5
64,533,3
64,538,1
64,555,6
64,558,6
64,560,2
64,561,7
64,562,6
64,563,3
64,564,7
64,565,3
64,566,2
64,567,8
65,1,5
65,3,4
65,5,7
65,7,5
65,10,8
65,11,4
65,12,9
65,14,6
65,18,2
65,20,3
65,27,0
65,32,7
65,36,4
65,37,0
65,38,0
65,39,4
65,45,9
65,46,7
65,47,5
65,48,5
65,49,1
65,51,1
65,52,4
65,58,2
65,59,8
65,60,7
65,62,6
65,63,2
65,64,9
65,66,3
65,68,3
65,69,3
65,70,3
65,77,7
65,80,6
65,81,0
65,83,8
65,86,3
65,87,3
65,89,7
65,91,7
65,92,6
65,95,9
65,97,2
65,99,5
65,100,8
65,103,1
65,104,4
65,106,1
65,111,1
65,116,9
65,117,3
65,119,3
65,122,6
65,125,1
65,126,2
65,133,7
65,135,4
65,136,9
65,137,2
65,138,3
65,143,5
65,145,1
65,146,6
65,147,4
65,148,6
65,150,7
65,152,5
65,156,3
65,169,7
65,170,0
65,173,2
65,176,8
65,179,5
65,180,4
65,182,7
65,183,7
65,185,2
65,186,0
65,187,4
65,188,6
65,190,9
65,191,8
65,192,1
65,193,3
65,194,3
65,195,1
65,196,7
65,197,6
65,198,9
65,199,0
65,200,6
65,201,3
65,202,6
65,203,9
65,204,1
65,205,6
65,206,9
65,208,9
65,209,3
65,210,1
65,211,5
65,213,4
65,214,2
65,216,5
65,217,0
65,218,1
65,219,9
65,220,2
65,221,2
65,222,8
65,223,8
65,225,2
65,228,5
65,230,1
65,234,1
65,236,4
65,241,0
65,242,9
65,245,4
65,248,6
65,251,0
65,252,0
65,253,3
65,254,0
65,256,5
65,258,8
65,261,6
65,262,6
65,266,7
65,276,4
65,279,2
65,280,7
65,284,5
65,287,1
65,294,2
65,305,1
65,310,1
65,319,5
65,320,0
65,321,1
65,324,8
65,326,5
65,330,7
65,332,8
65,333,5
65,337,4
65,338,7
65,342,5
65,343,0
65,355,5
65,356,5
65,357,0
65,359,2
65,363,3
65,367,5
65,368,6
65,371,8
65,373,9
65,379,8
65,382,2
65,383,1
65,384,9
65,386,8
65,388,1
65,391,2
65,395,8
65,398,0
65,399,2
65,402,8
65,404,0
65,407,2
65,410,9
65,411,0
65,413,8
65,419,9
65,423,4
65,427,4
65,435,7
65,446,9
65,451,9
65,458,9
65,460,4
65,461,4
65,467,2
65,470,0
65,474,5
65,477,8
65,479,0
65,485,3
65,488,3
65,490,4
65,497,5
65,504,3
65,508,2
65,511,8
65,512,6
65,513,8
65,519,7
65,522,2
65,523,6
65,524,6
65,525,0
65,529,0
65,530,1
65,533,4
65,534,1
65,535,7
65,551,9
65,564,7
65,568,8
65,569,3
65,570,6
65,571,4
65,572,6
65,573,3
66,9,6
66,10,9
66,11,7
66,39,5
66,71,5
66,97,9
66,143,0
66,253,6
66,256,8
66,259,1
66,264,8
66,485,3
66,492,7
66,544,0
66,559,4
66,574,2
67,10,5
67,11,0
67,12,6
67,22,6
67,35,8
67,39,2
67,50,0
67,51,1
67,59,2
67,64,3
67,74,0
67,77,6
67,81,8
67,85,5
67,93,6
67,97,7
67,104,0
67,113,4
67,118,8
67,130,5
67,136,2
67,138,0
67,146,4
67,147,8
67,156,9
67,165,2
67,179,3
67,196,1
67,201,6
67,208,7
67,212,2
67,215,7
67,218,8
67,226,9
67,239,9
67,241,7
67,252,9
67,253,1
67,255,3
67,256,4
67,268,6
67,282,5
67,287,0
67,321,1
67,327,7
67,344,9
67,352,1
67,356,2
67,362,5
67,364,6
67,375,7
67,376,3
67,382,5
67,388,2
67,397,4
67,413,8
67,414,4
67,424,3
67,449,7
67,469,0
67,485,1
67,529,9
67,532,3
67,542,8
67,544,9
67,547,4
67,554,4
67,574,1
67,575,5
67,576,3
68,8,4
68,18,7
68,20,0
68,39,1
68,42,3
68,43,7
68,46,3
68,51,5
68,57,2
68,60,4
68,62,0
68,66,9
68,68,2
68,70,8
68,77,5
68,80,9
68,85,9
68,89,1
68,92,7
68,111,4
68,116,8
68,120,3
68,136,5
68,146,0
68,148,6
68,150,3
68,194,7
68,196,6
68,197,8
68,201,6
68,215,8
68,236,0
68,238,2
68,261,8
68,268,3
68,306,5
68,308,6
68,319,1
68,331,4
68,371,9
68,386,3
68,392,2
68,400,6
68,430,4
68,443,4
68,520,5
68,521,0
68,541,9
68,554,1
68,559,2
68,574,1
68,577,7
69,3,6
69,8,9
69,10,0
69,14,2
69,27,1
69,34,9
69,38,1
69,40,3
69,44,3
69,45,8
69,57,8
69,59,9
69,62,6
69,66,6
69,68,4
69,70,7
69,72,9
69,81,3
69,89,3
69,91,9
69,94,9
69,99,1
69,100,7
69,103,0
69,104,3
69,106,8
69,111,6
69,112,6
69,113,4
69,118,1
69,120,1
69,122,3
69,125,8
69,127,9
69,130,8
69,133,7
69,135,2
69,140,8
69,143,8
69,145,0
69,146,7
69,147,0
69,148,5
69,150,7
69,156,4
69,163,0
69,170,1
69,172,2
69,175,0
69,180,7
69,185,2
69,186,1
69,190,5
69,191,8
69,192,9
69,195,1
69,202,3
69,216,1
69,218,0
69,221,7
69,222,8
69,230,6
69,236,9
69,245,3
69,251,5
69,256,5
69,257,4
69,260,6
69,262,0
69,268,4
69,279,7
69,306,7
69,326,6
69,332,2
69,334,0
69,337,0
69,343,7
69,352,0
69,356,8
69,367,3
69,374,2
69,378,4
69,384,4
69,388,2
69,399,5
69,413,5
69,419,5
69,420,3
69,423,2
69,434,2
69,436,4
69,440,5
69,463,5
69,468,2
69,482,6
69,486,6
69,495,3
69,512,9
69,513,9
69,514,4
69,516,4
69,517,1
69,518,5
69,525,5
69,529,4
69,532,2
69,533,7
69,568,0
69,570,1
69,578,2
69,579,6
69,580,8
69,581,1
70,5,8
70,10,1
70,12,5
70,36,8
70,47,9
70,57,3
70,59,2
70,66,6
70,81,0
70,97,1
70,103,4
70,120,5
70,122,0
70,127,7
70,205,5
70,236,7
70,253,2
70,255,1
70,277,4
70,354,9
70,382,9
70,400,4
70,433,3
70,469,6
70,499,0
70,515,3
70,582,2
71,0,7
71,1,6
71,3,4
71,5,1
71,7,1
71,8,0
71,10,5
71,12,6
71,14,2
71,18,2
71,24,7
71,26,6
71,33,2
71,35,9
71,36,2
71,39,3
71,47,0
71,49,4
71,57,0
71,61,8
71,62,9
71,66,4
71,68,4
71,70,5
71,74,3
71,78,1
71,81,6
71,86,4
71,89,4
71,91,9
71,92,6
71,100,5
71,102,8
71,103,5
71,104,1
71,111,7
71,112,2
71,114,9
71,117,5
71,118,5
71,120,4
71,122,1
71,127,1
71,133,2
71,137,2
71,145,5
71,146,6
71,147,8
71,175,9
71,185,6
71,186,3
71,187,5
71,188,5
71,189,6
71,190,3
71,191,8
71,195,4
71,201,1
71,202,1
71,205,0
71,206,2
71,207,3
71,208,9
71,214,5
71,216,0
71,217,9
71,218,6
71,219,5
71,223,7
71,226,3
71,227,6
71,231,1
71,232,6
71,237,0
71,241,6
71,251,3
71,256,7
71,260,7
71,262,8
71,267,2
71,268,8
71,280,5
71,287,1
71,290,0
71,305,9
71,310,0
71,320,8
71,327,4
71,329,0
71,332,7
71,337,5
71,349,5
71,352,9
71,353,3
71,375,2
71,376,8
71,378,3
71,379,0
71,382,8
71,385,2
71,386,8
71,387,1
71,388,7
71,391,0
71,393,9
71,394,2
71,396,1
71,398,4
71,399,3
71,400,5
71,402,9
71,403,7
71,405,1
71,406,9
71,407,8
71,409,0
71,411,9
71,413,4
71,416,2
71,417,2
71,426,3
71,434,3
71,447,8
71,458,9
71,460,6
71,461,3
71,462,0
71,466,8
71,467,7
71,470,6
71,472,4
71,474,3
71,477,4
71,488,5
71,492,7
71,496,0
71,498,1
71,504,8
71,505,0
71,511,7
71,516,2
71,520,7
71,527,8
71,530,1
71,534,4
71,550,7
71,558,6
71,563,3
71,568,9
71,570,7
71,581,4
72,21,4
72,34,1
72,36,1
72,47,5
72,48,3
72,49,0
72,59,7
72,81,3
72,121,7
72,146,5
72,154,1
72,156,1
72,164,8
72,194,6
72,201,5
72,208,9
72,222,6
72,226,3
72,241,8
72,256,9
72,268,0
72,287,8
72,290,2
72,292,4
72,327,9
72,338,8
72,362,2
72,408,6
72,447,4
72,463,7
72,465,9
72,477,0
72,482,7
72,521,0
72,527,2
72,539,2
73,52,1
73,95,4
73,99,0
73,113,9
73,116,5
73,120,2
73,130,8
73,146,1
73,156,7
73,175,3
73,178,7
73,191,6
73,209,3
73,218,6
73,269,8
73,309,5
73,321,2
73,374,4
73,381,0
73,432,9
74,0,7
74,1,0
74,3,2
74,5,0
74,7,8
74,10,9
74,12,8
74,14,6
74,20,3
74,24,4
74,32,7
74,33,6
74,35,4
74,36,3
74,38,8
74,39,6
74,46,3
74,47,2
74,50,6
74,51,2
74,59,0
74,62,4
74,64,4
74,66,3
74,68,7
74,70,3
74,71,0
74,77,7
74,81,9
74,86,1
74,89,6
74,91,3
74,92,1
74,96,2
74,97,5
74,100,2
74,103,1
74,104,9
74,111,8
74,116,8
74,117,4
74,120,5
74,121,3
74,122,0
74,126,2
74,127,3
74,130,0
74,131,9
74,133,9
74,135,0
74,136,3
74,143,8
74,145,9
74,146,4
74,147,8
74,150,3
74,156,7
74,157,1
74,160,7
74,179,6
74,181,6
74,185,1
74,189,0
74,190,7
74,191,2
74,192,5
74,194,6
74,195,6
74,196,6
74,197,9
74,201,8
74,202,1
74,205,9
74,206,5
74,214,5
74,216,6
74,218,9
74,219,2
74,221,2
74,222,0
74,223,5
74,226,8
74,229,3
74,233,5
74,234,8
74,236,9
74,241,1
74,245,3
74,253,4
74,255,6
74,256,1
74,269,5
74,282,0
74,284,6
74,302,5
74,310,9
74,321,4
74,327,4
74,331,8
74,341,5
74,348,7
74,354,1
74,362,0
74,368,9
74,379,2
74,382,9
74,385,7
74,394,1
74,395,5
74,398,0
74,400,8
74,415,1
74,423,7
74,424,2
74,429,4
74,434,9
74,445,1
74,452,3
74,472,1
74,481,8
74,482,7
74,486,8
74,491,4
74,492,6
74,501,5
74,511,5
74,518,7
74,521,2
74,529,2
74,530,4
74,534,5
74,546,4
74,552,0
74,583,7
74,584,7
75,0,1
75,3,3
75,5,9
75,7,7
75,8,1
75,9,4
75,10,5
75,11,0
75,14,5
75,24,7
75,32,1
75,35,5
75,36,9
75,37,3
75,39,8
75,43,5
75,44,7
75,47,0
75,50,2
75,51,2
75,54,1
75,57,9
75,59,4
75,62,1
75,64,1
75,66,8
75,69,7
75,70,8
75,71,0
75,77,5
75,79,8
75,80,8
75,81,6
75,83,5
75,85,7
75,89,3
75,92,2
75,97,8
75,100,4
75,103,0
75,104,4
75,111,0
75,115,5
75,117,0
75,121,4
75,122,7
75,125,7
75,130,6
75,135,8
75,143,7
75,146,2
75,147,9
75,150,9
75,154,2
75,174,4
75,177,6
75,179,5
75,181,8
75,186,7
75,190,1
75,191,3
75,192,2
75,194,9
75,196,9
75,197,2
75,201,9
75,202,3
75,203,7
75,208,9
75,210,6
75,211,4
75,215,2
75,216,3
75,218,0
75,219,7
75,220,1
75,222,3
75,223,6
75,230,8
75,232,4
75,241,8
75,245,3
75,246,5
75,251,2
75,253,6
75,256,1
75,259,3
75,260,0
75,261,5
75,264,9
75,266,0
75,268,1
75,282,9
75,312,1
75,319,7
75,327,5
75,335,4
75,342,7
75,344,1
75,356,3
75,364,7
75,367,0
75,369,2
75,388,4
75,394,4
75,397,2
75,400,0
75,403,3
75,407,6
75,418,2
75,431,1
75,434,8
75,436,4
75,438,8
75,459,6
75,460,9
75,461,0
75,477,3
75,485,6
75,489,2
75,497,3
75,510,6
75,512,8
75,517,2
75,521,0
75,524,8
75,527,6
75,544,1
75,553,4
75,554,5
75,559,5
75,574,0
75,576,9
75,581,9
75,582,6
75,585,6
76,18,6
76,35,8
76,89,3
76,236,7
76,256,4
76,282,5
76,420,2
77,0,3
77,3,0
77,10,5
77,17,7
77,27,5
77,36,8
77,58,1
77,59,7
77,65,8
77,78,8
77,86,9
77,116,9
77,117,5
77,190,4
77,196,7
77,203,0
77,207,2
77,209,6
77,216,2
77,221,6
77,223,4
77,230,4
77,245,7
77,247,1
77,282,9
77,295,5
77,365,6
77,373,4
77,379,0
77,385,8
77,407,2
77,483,1
77,510,3
77,521,3
77,526,6
77,555,9
78,0,3
78,3,7
78,5,6
78,7,1
78,10,8
78,12,4
78,14,2
78,22,8
78,31,4
78,33,0
78,35,5
78,36,9
78,38,2
78,39,6
78,44,9
78,47,7
78,49,0
78,59,9
78,61,1
78,63,2
78,66,3
78,70,9
78,79,7
78,81,4
78,89,9
78,92,3
78,99,0
78,100,7
78,103,4
78,105,0
78,111,8
78,112,8
78,113,1
78,116,6
78,117,3
78,121,2
78,125,9
78,126,9
78,131,2
78,133,0
78,148,0
78,156,2
78,179,7
78,186,0
78,190,9
78,191,3
78,193,4
78,195,8
78,202,6
78,205,1
78,206,1
78,207,4
78,218,0
78,219,3
78,221,9
78,224,2
78,229,4
78,230,2
78,232,0
78,249,2
78,284,5
78,286,7
78,309,3
78,310,6
78,326,7
78,337,5
78,338,8
78,342,4
78,352,5
78,368,1
78,375,6
78,378,5
78,382,6
78,383,1
78,386,2
78,387,1
78,388,8
78,389,0
78,393,3
78,394,8
78,398,6
78,399,6
78,409,5
78,410,5
78,413,1
78,415,4
78,424,5
78,457,7
78,464,7
78,466,4
78,471,3
78,473,8
78,504,9
78,516,5
78,528,6
78,534,5
78,543,3
78,566,7
78,586,1
79,0,5
79,1,8
79,3,3
79,4,9
79,5,9
79,7,7
79,9,5
79,10,5
79,12,6
79,14,0
79,26,0
79,33,9
79,36,7
79,38,0
79,39,1
79,47,9
79,48,7
79,49,7
79,58,6
79,59,3
79,66,9
79,69,6
79,75,1
79,81,1
79,84,9
79,89,7
79,90,2
79,91,1
79,92,8
79,96,3
79,100,2
79,104,1
79,111,8
79,112,6
79,117,6
79,121,1
79,125,8
79,126,6
79,138,6
79,145,1
79,148,7
79,157,3
79,190,4
79,191,1
79,197,9
79,199,6
79,201,7
79,202,5
79,204,7
79,205,4
79,206,3
79,207,3
79,217,0
79,218,9
79,219,3
79,222,6
79,227,0
79,229,6
79,230,1
79,234,3
79,249,0
79,251,1
79,280,4
79,284,4
79,309,2
79,310,2
79,330,3
79,337,2
79,351,5
79,352,8
79,353,0
79,354,9
79,360,2
79,374,8
79,378,5
79,379,4
79,380,7
79,382,5
79,383,9
79,384,2
79,385,4
79,386,3
79,393,9
79,398,8
79,400,0
79,407,0
79,408,9
79,409,8
79,411,2
79,413,0
79,415,4
79,416,7
79,423,7
79,464,4
79,466,3
79,470,8
79,471,8
79,482,5
79,492,4
79,501,8
79,504,4
79,507,2
79,531,0
79,536,5
79,552,5
79,556,5
79,557,2
79,564,1
79,569,6
79,571,4
79,587,2
80,17,0
80,47,3
80,54,4
80,60,6
80,146,9
80,156,8
80,241,1
80,268,7
80,289,2
80,540,5
81,3,8
81,5,2
81,7,4
81,8,0
81,9,1
81,10,1
81,11,2
81,12,2
81,14,4
81,18,5
81,22,9
81,26,5
81,31,7
81,33,0
81,35,0
81,36,5
81,38,2
81,39,7
81,44,6
81,45,7
81,47,3
81,48,6
81,51,0
81,59,9
81,62,6
81,64,3
81,66,6
81,74,5
81,81,9
81,86,8
81,89,8
81,91,4
81,92,7
81,93,4
81,95,1
81,96,9
81,97,6
81,100,2
81,111,6
81,112,6
81,114,0
81,117,9
81,118,7
81,119,2
81,120,3
81,125,1
81,126,8
81,130,8
81,131,9
81,132,2
81,134,4
81,135,0
81,138,1
81,143,8
81,146,6
81,147,2
81,148,1
81,150,4
81,151,1
81,157,5
81,167,4
81,168,5
81,177,4
81,179,5
81,185,7
81,186,6
81,189,7
81,190,6
81,191,3
81,194,2
81,195,5
81,196,3
81,197,3
81,198,0
81,199,0
81,201,7
81,202,4
81,203,6
81,205,7
81,206,7
81,208,5
81,209,2
81,216,0
81,217,6
81,219,3
81,220,0
81,221,9
81,222,8
81,223,9
81,224,7
81,225,1
81,226,9
81,227,9
81,230,2
81,231,7
81,236,2
81,241,2
81,245,5
81,251,8
81,262,8
81,266,1
81,267,9
81,276,5
81,277,1
81,279,4
81,280,2
81,282,0
81,284,5
81,290,4
81,292,6
81,293,2
81,305,4
81,310,1
81,311,3
81,314,9
81,315,5
81,316,5
81,319,3
81,321,3
81,335,8
81,337,4
81,343,0
81,352,7
81,353,6
81,365,4
81,368,3
81,372,1
81,375,0
81,378,1
81,379,3
81,382,9
81,385,1
81,386,9
81,388,1
81,390,8
81,391,8
81,393,0
81,394,8
81,398,8
81,399,0
81,400,5
81,401,6
81,402,8
81,405,6
81,407,3
81,408,6
81,410,2
81,411,3
81,412,6
81,413,1
81,415,5
81,416,8
81,417,4
81,457,5
81,460,4
81,464,3
81,466,7
81,467,2
81,471,7
81,473,2
81,474,5
81,476,3
81,479,8
81,492,4
81,496,1
81,504,9
81,510,7
81,516,9
81,527,3
81,528,0
81,530,4
81,537,7
81,543,8
81,547,0
81,564,7
81,566,9
81,571,3
81,588,1
82,0,9
82,1,9
82,2,1
82,3,1
82,5,4
82,6,5
82,8,8
82,9,2
82,10,4
82,12,0
82,14,3
82,15,3
82,18,5
82,19,4
82,20,0
82,21,8
82,24,6
82,25,9
82,26,0
82,31,4
82,32,2
82,35,3
82,36,8
82,38,2
82,39,6
82,42,5
82,43,7
82,44,9
82,45,7
82,47,0
82,50,9
82,53,5
82,58,9
82,59,7
82,62,9
82,64,9
82,66,0
82,67,2
82,69,1
82,77,3
82,78,9
82,80,7
82,81,1
82,83,2
82,84,6
82,86,7
82,89,6
82,91,4
82,92,7
82,93,0
82,95,0
82,97,0
82,99,3
82,100,3
82,103,0
82,104,6
82,105,8
82,106,4
82,109,8
82,111,1
82,113,9
82,115,5
82,116,3
82,117,9
82,118,7
82,119,9
82,120,4
82,121,1
82,123,2
82,124,0
82,125,8
82,126,6
82,127,8
82,128,6
82,129,1
82,130,6
82,131,3
82,132,1
82,133,0
82,134,5
82,136,8
82,137,6
82,138,2
82,141,8
82,142,3
82,143,7
82,144,3
82,145,7
82,146,8
82,147,6
82,150,8
82,151,2
82,153,8
82,160,8
82,168,1
82,169,8
82,170,4
82,173,7
82,176,5
82,177,2
82,179,2
82,180,5
82,181,0
82,182,4
82,185,3
82,186,5
82,188,4
82,189,5
82,190,2
82,191,3
82,193,5
82,195,9
82,201,4
82,202,6
82,205,9
82,206,9
82,207,4
82,208,5
82,209,6
82,212,9
82,213,2
82,215,3
82,216,3
82,217,5
82,218,4
82,219,2
82,220,7
82,221,6
82,222,9
82,223,0
82,225,4
82,227,5
82,229,2
82,230,6
82,231,2
82,233,5
82,237,3
82,238,6
82,239,9
82,240,6
82,242,4
82,243,4
82,244,6
82,245,0
82,246,1
82,247,7
82,248,5
82,249,0
82,250,8
82,251,4
82,252,9
82,254,1
82,255,4
82,256,8
82,258,6
82,260,0
82,262,0
82,266,7
82,267,4
82,272,1
82,273,9
82,277,6
82,279,1
82,280,2
82,282,7
82,284,0
82,285,4
82,286,6
82,294,1
82,310,1
82,311,4
82,317,6
82,319,2
82,320,7
82,321,1
82,323,3
82,324,7
82,326,3
82,328,5
82,329,8
82,330,3
82,331,5
82,332,3
82,334,1
82,337,2
82,342,8
82,343,0
82,352,6
82,353,2
82,354,5
82,355,9
82,356,6
82,358,3
82,364,8
82,368,2
82,369,8
82,376,1
82,378,8
82,379,8
82,380,1
82,381,0
82,382,5
82,385,9
82,386,8
82,387,6
82,388,5
82,389,7
82,391,4
82,393,1
82,394,5
82,396,3
82,398,2
82,399,9
82,400,5
82,406,7
82,407,7
82,409,0
82,410,2
82,412,1
82,413,7
82,415,4
82,419,9
82,420,4
82,421,8
82,423,6
82,424,7
82,426,6
82,427,3
82,434,5
82,435,5
82,436,3
82,442,5
82,447,3
82,448,2
82,453,2
82,455,1
82,456,4
82,459,1
82,461,6
82,463,9
82,464,8
82,465,9
82,470,7
82,474,6
82,475,6
82,479,8
82,482,8
82,485,7
82,488,5
82,489,3
82,490,1
82,492,0
82,493,0
82,495,1
82,497,1
82,498,1
82,499,4
82,501,7
82,504,8
82,505,2
82,506,7
82,507,0
82,509,7
82,511,9
82,512,1
82,513,0
82,514,5
82,517,3
82,518,7
82,519,5
82,521,4
82,523,8
82,529,9
82,530,5
82,532,7
82,533,6
82,535,8
82,536,9
82,542,2
82,546,0
82,549,0
82,554,2
82,556,3
82,558,9
82,559,3
82,560,0
82,564,3
82,566,7
82,567,0
82,569,2
82,570,7
82,571,0
82,574,4
82,579,4
82,587,2
82,589,1
82,590,1
83,1,9
83,10,2
83,19,1
83,20,5
83,35,5
83,38,6
83,40,6
83,47,1
83,48,7
83,50,8
83,51,6
83,57,1
83,59,1
83,61,8
83,62,4
83,66,8
83,68,0
83,70,0
83,72,4
83,77,6
83,81,6
83,85,3
83,91,7
83,95,4
83,100,8
83,103,6
83,113,2
83,116,2
83,120,3
83,123,0
83,124,1
83,130,4
83,143,7
83,146,3
83,147,3
83,148,3
83,160,1
83,178,8
83,180,3
83,193,1
83,205,0
83,208,8
83,209,2
83,212,4
83,220,1
83,226,0
83,230,5
83,241,2
83,245,6
83,247,0
83,261,4
83,269,5
83,275,7
83,282,7
83,299,7
83,311,2
83,321,9
83,326,5
83,343,5
83,352,3
83,356,7
83,367,9
83,374,5
83,390,9
83,395,4
83,400,2
83,424,7
83,425,5
83,450,6
83,474,9
83,487,8
83,496,9
83,517,2
83,518,3
83,520,0
83,521,4
83,542,8
83,572,9
83,578,9
84,1,4
84,8,3
84,9,0
84,10,3
84,14,4
84,15,7
84,19,2
84,20,3
84,27,0
84,28,0
84,32,3
84,35,4
84,36,1
84,37,1
84,39,8
84,40,3
84,45,7
84,46,9
84,50,4
84,51,4
84,53,9
84,59,6
84,60,9
84,61,7
84,62,8
84,64,9
84,65,0
84,66,5
84,69,6
84,70,1
84,72,8
84,75,0
84,76,8
84,77,7
84,81,9
84,83,1
84,85,4
84,87,1
84,88,9
84,89,3
84,91,6
84,92,8
84,95,8
84,100,8
84,103,1
84,111,3
84,120,1
84,123,0
84,124,5
84,127,9
84,136,3
84,146,7
84,147,2
84,156,6
84,160,6
84,161,7
84,177,9
84,179,7
84,181,7
84,192,3
84,194,4
84,197,0
84,201,2
84,202,6
84,211,8
84,213,6
84,214,0
84,215,0
84,217,2
84,219,5
84,222,7
84,223,1
84,226,0
84,229,1
84,230,3
84,238,9
84,241,9
84,247,0
84,248,1
84,253,4
84,254,2
84,258,2
84,260,6
84,261,8
84,266,0
84,267,9
84,270,1
84,271,5
84,274,2
84,275,9
84,277,8
84,282,9
84,283,4
84,285,6
84,286,3
84,287,5
84,288,4
84,294,4
84,305,5
84,306,6
84,308,5
84,310,6
84,311,1
84,319,2
84,321,2
84,326,2
84,333,4
84,335,0
84,337,5
84,340,8
84,343,8
84,344,7
84,345,3
84,356,1
84,357,0
84,359,1
84,360,9
84,364,6
84,365,9
84,367,4
84,385,5
84,397,5
84,407,2
84,410,5
84,426,8
84,433,9
84,435,5
84,443,7
84,444,6
84,446,4
84,447,6
84,449,6
84,451,2
84,460,3
84,463,5
84,465,7
84,493,7
84,495,4
84,496,2
84,502,2
84,509,5
84,511,0
84,513,8
84,520,8
84,521,0
84,523,5
84,526,3
84,532,6
84,537,8
84,540,6
84,548,1
84,551,7
84,554,5
84,556,2
84,559,3
84,579,3
84,582,1
84,585,2
84,589,3
84,591,4
84,592,7
84,593,4
84,594,5
84,595,7
85,9,5
85,10,2
85,17,9
85,20,4
85,32,3
85,35,6
85,37,3
85,39,7
85,44,5
85,45,7
85,46,7
85,50,9
85,51,0
85,61,8
85,62,8
85,64,0
85,69,1
85,70,8
85,76,7
85,77,3
85,80,7
85,83,4
85,88,3
85,89,3
85,91,0
85,99,5
85,101,6
85,103,0
85,111,9
85,115,4
85,118,7
85,119,2
85,120,9
85,130,0
85,136,4
85,137,2
85,146,1
85,153,6
85,154,9
85,155,7
85,164,3
85,184,6
85,194,1
85,215,6
85,219,6
85,226,1
85,236,2
85,238,2
85,241,0
85,247,4
85,252,0
85,261,9
85,266,8
85,269,8
85,274,4
85,279,1
85,285,8
85,293,7
85,304,5
85,306,5
85,308,5
85,326,4
85,345,0
85,349,6
85,364,6
85,388,8
85,426,1
85,430,9
85,434,4
85,443,5
85,448,3
85,474,5
85,493,0
85,510,2
85,511,9
85,522,2
85,537,8
85,540,1
85,565,1
85,585,3
85,591,9
85,594,8
85,595,2
86,0,5
86,1,9
86,7,7
86,10,9
86,12,4
86,17,1
86,22,5
86,33,8
86,44,7
86,47,1
86,49,3
86,51,0
86,59,1
86,63,6
86,66,8
86,70,7
86,89,9
86,91,2
86,92,3
86,100,9
86,103,2
86,111,8
86,112,4
86,119,0
86,125,5
86,126,1
86,127,6
86,131,0
86,133,2
86,138,5
86,145,0
86,146,9
86,150,5
86,156,1
86,185,6
86,186,2
86,190,8
86,191,7
86,196,6
86,206,8
86,207,4
86,213,6
86,215,2
86,216,2
86,219,8
86,221,3
86,223,5
86,224,3
86,251,2
86,258,3
86,262,6
86,289,1
86,310,7
86,315,1
86,360,7
86,373,7
86,377,4
86,378,9
86,382,3
86,384,3
86,386,6
86,388,5
86,389,4
86,405,9
86,410,4
86,411,8
86,412,9
86,415,0
86,434,4
86,462,4
86,467,5
86,470,6
86,474,3
86,479,0
86,499,7
86,504,0
86,531,9
86,557,1
86,564,8
86,584,0
86,588,2
87,0,2
87,1,3
87,4,4
87,7,3
87,9,3
87,10,8
87,12,4
87,15,7
87,20,7
87,22,5
87,26,9
87,27,6
87,33,6
87,35,1
87,36,4
87,37,0
87,38,5
87,39,3
87,40,7
87,44,6
87,45,8
87,46,8
87,47,0
87,49,1
87,50,1
87,51,0
87,52,5
87,53,2
87,54,0
87,57,1
87,58,8
87,59,0
87,62,2
87,63,5
87,64,8
87,66,3
87,69,0
87,70,0
87,71,6
87,73,3
87,74,7
87,75,6
87,76,7
87,77,0
87,78,8
87,79,5
87,80,7
87,81,0
87,84,7
87,85,7
87,86,0
87,89,4
87,90,0
87,91,6
87,92,7
87,94,3
87,95,9
87,99,9
87,100,0
87,102,0
87,103,3
87,104,7
87,106,2
87,107,8
87,111,6
87,113,2
87,114,1
87,116,9
87,118,4
87,120,8
87,122,9
87,123,0
87,125,6
87,126,9
87,128,3
87,130,2
87,131,1
87,141,4
87,143,1
87,146,7
87,147,1
87,148,4
87,153,5
87,157,3
87,158,9
87,159,9
87,161,6
87,166,7
87,171,2
87,172,0
87,175,2
87,177,7
87,183,5
87,186,4
87,190,4
87,191,8
87,193,2
87,195,6
87,196,6
87,197,1
87,201,8
87,202,3
87,203,5
87,204,7
87,205,4
87,207,3
87,208,9
87,209,8
87,213,8
87,215,5
87,216,6
87,221,0
87,223,1
87,226,5
87,228,5
87,234,5
87,236,6
87,238,8
87,247,1
87,250,3
87,252,5
87,253,0
87,258,4
87,260,8
87,261,1
87,269,2
87,271,6
87,275,1
87,276,1
87,277,9
87,278,4
87,279,7
87,282,4
87,283,5
87,289,9
87,294,6
87,300,7
87,304,9
87,305,8
87,306,1
87,308,5
87,311,1
87,313,5
87,316,1
87,317,2
87,326,4
87,331,4
87,333,2
87,334,7
87,335,3
87,336,5
87,337,9
87,343,3
87,348,6
87,349,9
87,351,9
87,354,4
87,356,4
87,358,7
87,359,6
87,364,7
87,365,3
87,367,5
87,372,4
87,374,0
87,381,8
87,392,5
87,393,3
87,394,7
87,395,2
87,397,8
87,407,9
87,410,0
87,418,6
87,419,4
87,420,2
87,426,0
87,427,6
87,431,6
87,433,1
87,437,6
87,438,1
87,439,0
87,440,9
87,444,3
87,445,5
87,446,2
87,447,9
87,453,6
87,454,2
87,456,9
87,458,4
87,459,5
87,463,9
87,482,8
87,487,7
87,493,2
87,494,2
87,495,8
87,498,2
87,500,2
87,506,3
87,507,2
87,508,7
87,517,9
87,532,3
87,533,3
87,535,1
87,538,8
87,540,3
87,541,4
87,544,4
87,545,4
87,547,2
87,553,1
87,554,9
87,559,6
87,561,7
87,579,5
87,584,1
87,591,8
87,592,5
87,594,8
87,595,0
88,1,3
88,5,7
88,7,5
88,10,2
88,12,7
88,14,1
88,35,6
88,62,2
88,66,8
88,81,0
88,89,5
88,95,7
88,100,0
88,103,0
88,125,4
88,128,0
88,146,5
88,151,8
88,168,6
88,186,3
88,188,5
88,190,3
88,195,4
88,202,6
88,204,1
88,207,3
88,216,2
88,219,9
88,221,9
88,222,2
88,223,2
88,230,1
88,232,9
88,241,7
88,278,7
88,284,8
88,310,6
88,317,1
88,347,7
88,351,4
88,368,5
88,378,4
88,382,8
88,394,6
88,401,6
88,413,4
88,414,9
88,423,9
88,454,1
88,468,8
88,470,3
88,503,0
89,0,9
89,1,8
89,3,4
89,5,4
89,7,6
89,8,2
89,10,1
89,12,4
89,14,7
89,21,9
89,22,6
89,36,9
89,44,9
89,47,0
89,52,7
89,57,1
89,59,4
89,62,4
89,66,8
89,70,3
89,71,5
89,74,8
89,75,7
89,80,5
89,81,6
89,89,3
89,91,3
89,92,5
89,95,6
89,100,0
89,103,2
89,104,0
89,111,4
89,113,7
89,116,9
89,117,3
89,118,6
89,121,3
89,122,3
89,126,7
89,131,0
89,135,6
89,136,4
89,138,2
89,144,2
89,145,3
89,173,2
89,177,9
89,179,8
89,185,5
89,186,2
89,189,1
89,190,9
89,191,6
89,192,2
89,194,9
89,195,6
89,196,5
89,197,5
89,198,2
89,199,3
89,200,5
89,202,0
89,203,1
89,204,3
89,205,6
89,207,0
89,209,7
89,213,9
89,214,9
89,216,7
89,217,6
89,218,6
89,219,8
89,220,8
89,221,7
89,222,2
89,223,7
89,227,9
89,229,3
89,230,3
89,231,4
89,232,3
89,238,2
89,251,5
89,252,8
89,257,1
89,259,5
89,264,2
89,266,4
89,267,9
89,284,4
89,295,7
89,304,2
89,310,5
89,311,7
89,315,7
89,337,0
89,338,4
89,343,1
89,351,5
89,356,1
89,368,5
89,369,6
89,374,4
89,376,9
89,378,0
89,379,6
89,382,7
89,386,1
89,389,1
89,391,1
89,394,4
89,398,8
89,399,0
89,400,9
89,402,7
89,403,7
89,404,0
89,406,2
89,408,8
89,410,1
89,413,8
89,417,8
89,420,0
89,423,2
89,426,9
89,434,8
89,438,8
89,440,1
89,453,6
89,454,8
89,456,0
89,460,1
89,464,8
89,466,8
89,467,4
89,474,0
89,481,9
89,492,0
89,493,3
89,498,6
89,505,5
89,506,1
89,511,0
89,519,3
89,530,4
89,534,5
89,543,5
89,558,3
89,571,2
89,596,1
90,3,3
90,7,2
90,9,0
90,10,5
90,11,2
90,21,3
90,22,9
90,29,2
90,31,9
90,33,6
90,35,8
90,36,4
90,37,8
90,38,3
90,39,8
90,40,9
90,45,4
90,47,4
90,49,3
90,50,8
90,57,5
90,58,6
90,59,4
90,62,3
90,63,2
90,66,2
90,77,7
90,78,1
90,81,3
90,82,0
90,86,5
90,89,1
90,92,9
90,97,8
90,100,8
90,103,7
90,113,3
90,118,4
90,120,5
90,122,9
90,123,5
90,124,1
90,130,5
90,141,6
90,143,7
90,146,1
90,147,2
90,150,0
90,154,4
90,160,6
90,164,9
90,169,8
90,170,8
90,171,8
90,172,3
90,175,6
90,178,1
90,179,1
90,190,3
90,194,0
90,196,9
90,199,6
90,201,5
90,203,6
90,204,3
90,208,0
90,211,9
90,212,0
90,220,7
90,225,6
90,226,4
90,233,8
90,236,0
90,241,8
90,245,2
90,252,9
90,253,7
90,255,2
90,256,1
90,266,3
90,268,4
90,272,1
90,282,6
90,286,6
90,289,7
90,327,1
90,331,1
90,332,4
90,336,5
90,337,2
90,344,9
90,346,9
90,348,3
90,350,7
90,351,9
90,354,7
90,356,7
90,367,1
90,374,9
90,386,0
90,390,0
90,408,5
90,414,7
90,424,4
90,435,4
90,437,4
90,450,6
90,452,0
90,460,8
90,463,5
90,465,6
90,481,2
90,485,1
90,487,2
90,489,0
90,491,2
90,494,0
90,510,1
90,533,7
90,546,5
90,549,0
90,571,7
90,574,5
91,0,1
91,12,1
91,14,6
91,17,9
91,22,0
91,27,5
91,28,1
91,30,3
91,31,8
91,35,4
91,36,5
91,45,0
91,47,2
91,52,8
91,55,2
91,58,4
91,59,4
91,60,7
91,61,8
91,65,6
91,66,8
91,73,1
91,74,3
91,78,7
91,80,3
91,81,6
91,86,0
91,100,1
91,103,3
91,105,4
91,130,6
91,141,9
91,146,5
91,161,7
91,175,5
91,176,9
91,178,1
91,182,0
91,187,9
91,191,4
91,193,6
91,203,6
91,209,5
91,224,2
91,240,7
91,247,0
91,256,8
91,259,9
91,263,5
91,265,2
91,266,7
91,269,2
91,273,1
91,294,8
91,295,6
91,296,5
91,298,5
91,304,0
91,305,3
91,311,2
91,314,6
91,320,3
91,326,9
91,333,8
91,337,5
91,355,3
91,370,7
91,385,0
91,408,4
91,411,3
91,435,7
91,441,2
91,445,4
91,462,3
91,466,7
91,480,2
91,483,9
91,488,8
91,514,4
91,540,1
91,545,0
91,552,4
91,555,1
91,560,2
91,565,9
91,572,0
91,583,9
92,11,2
92,20,5
92,22,8
92,39,9
92,40,6
92,50,8
92,59,9
92,76,6
92,103,4
92,146,0
92,147,5
92,179,4
92,194,7
92,196,3
92,201,1
92,203,5
92,208,2
92,215,3
92,256,6
92,282,0
92,350,2
92,351,3
92,487,7
92,524,7
92,529,1
92,568,4
93,2,9
93,10,7
93,15,6
93,24,4
93,25,5
93,29,3
93,31,4
93,44,2
93,45,6
93,47,2
93,77,5
93,87,5
93,89,3
93,91,1
93,92,9
93,104,6
93,106,8
93,111,6
93,117,1
93,118,4
93,127,1
93,133,2
93,136,0
93,145,7
93,190,3
93,191,7
93,219,4
93,223,7
93,262,8
93,280,0
93,284,8
93,352,8
93,407,5
93,429,9
93,504,2
93,522,3
93,523,0
94,1,8
94,10,3
94,12,4
94,21,5
94,22,1
94,24,1
94,25,2
94,31,4
94,35,0
94,36,3
94,38,9
94,44,5
94,45,1
94,47,2
94,59,6
94,61,3
94,66,8
94,81,0
94,89,9
94,91,4
94,92,9
94,93,8
94,95,5
94,96,5
94,100,0
94,104,1
94,106,1
94,111,4
94,116,9
94,118,8
94,124,7
94,126,7
94,127,0
94,130,6
94,133,7
94,136,9
94,137,7
94,143,4
94,145,8
94,146,2
94,147,1
94,148,4
94,156,7
94,189,6
94,190,3
94,191,5
94,202,3
94,206,0
94,209,4
94,213,7
94,221,6
94,222,5
94,223,9
94,230,7
94,233,9
94,242,5
94,245,0
94,256,0
94,262,2
94,267,9
94,272,4
94,277,2
94,280,1
94,282,6
94,284,3
94,309,2
94,310,5
94,329,9
94,330,8
94,356,3
94,375,6
94,384,6
94,387,3
94,388,5
94,394,6
94,415,4
94,418,2
94,420,2
94,429,2
94,434,1
94,451,8
94,479,5
94,493,3
94,504,7
94,505,1
94,509,8
94,511,6
94,512,0
94,521,0
94,522,4
94,523,8
94,563,7
95,21,5
95,58,8
95,59,1
95,80,7
95,84,4
95,86,5
95,103,4
95,111,2
95,112,6
95,120,8
95,121,6
95,143,0
95,232,3
95,233,0
95,242,2
95,252,9
95,273,1
95,320,3
95,356,2
95,358,4
95,392,3
95,418,9
95,438,5
95,456,6
95,484,7
96,0,7
96,1,8
96,9,2
96,10,9
96,11,2
96,12,1
96,21,5
96,24,1
96,25,5
96,27,8
96,31,9
96,33,3
96,35,8
96,36,0
96,44,3
96,45,9
96,47,3
96,50,1
96,57,7
96,58,7
96,59,5
96,62,1
96,66,6
96,84,7
96,89,3
96,90,2
96,91,7
96,92,8
96,94,6
96,95,2
96,98,8
96,100,7
96,103,4
96,104,5
96,110,0
96,111,6
96,112,5
96,118,4
96,120,9
96,121,8
96,124,9
96,126,0
96,127,0
96,128,5
96,129,3
96,133,4
96,134,4
96,135,0
96,136,0
96,137,1
96,138,0
96,141,4
96,143,7
96,145,8
96,146,7
96,147,1
96,148,6
96,150,0
96,153,0
96,156,6
96,178,8
96,186,2
96,190,2
96,191,1
96,192,0
96,201,4
96,202,5
96,207,8
96,214,3
96,216,8
96,226,6
96,242,1
96,243,6
96,248,3
96,253,4
96,257,1
96,262,0
96,272,4
96,273,2
96,279,5
96,280,5
96,282,4
96,286,8
96,291,2
96,327,9
96,328,9
96,342,5
96,367,1
96,374,3
96,378,9
96,382,5
96,384,7
96,388,2
96,394,6
96,424,6
96,427,1
96,461,4
96,474,3
96,479,7
96,487,2
96,494,4
96,498,7
96,501,3
96,504,5
96,509,9
96,519,3
96,522,4
96,523,6
96,539,9
96,562,9
96,563,2
96,589,6
97,0,6
97,1,1
97,5,8
97,10,9
97,12,0
97,14,6
97,20,1
97,32,1
97,36,5
97,39,9
97,45,3
97,51,7
97,55,8
97,59,5
97,64,3
97,66,6
97,70,4
97,81,4
97,89,5
97,92,0
97,95,2
97,97,7
97,100,8
97,103,7
97,111,6
97,117,2
97,120,2
97,122,6
97,124,9
97,126,3
97,135,9
97,146,5
97,147,3
97,148,4
97,150,7
97,157,3
97,185,9
97,190,7
97,192,9
97,194,8
97,195,3
97,201,5
97,202,1
97,204,6
97,205,9
97,207,4
97,214,8
97,216,3
97,219,7
97,220,9
97,221,0
97,222,8
97,223,4
97,227,0
97,231,7
97,248,0
97,253,8
97,267,8
97,320,4
97,323,8
97,330,1
97,360,4
97,368,3
97,374,7
97,376,2
97,378,5
97,379,4
97,382,2
97,388,9
97,391,1
97,394,0
97,398,2
97,403,7
97,406,2
97,409,4
97,410,3
97,417,6
97,420,2
97,423,1
97,433,2
97,445,5
97,460,6
97,466,5
97,467,5
97,474,0
97,482,6
97,487,5
97,498,1
97,505,1
97,525,4
97,530,0
97,566,3
97,584,0
98,10,2
98,24,2
98,25,1
98,38,3
98,44,7
98,45,6
98,47,8
98,58,9
98,66,2
98,69,1
98,70,0
98,89,4
98,91,9
98,92,7
98,94,8
98,100,8
98,104,8
98,106,3
98,111,0
98,126,4
98,127,9
98,133,5
98,136,6
98,137,8
98,143,6
98,145,2
98,146,5
98,147,7
98,193,1
98,206,0
98,222,0
98,226,9
98,230,2
98,241,1
98,251,9
98,262,5
98,277,4
98,279,1
98,280,8
98,287,1
98,330,0
98,342,7
98,384,4
98,388,3
98,409,7
98,410,6
98,429,4
98,434,2
98,453,9
98,456,0
98,474,5
98,479,6
98,482,9
98,501,3
98,513,6
98,518,7
98,523,5
98,527,3
98,563,4
98,576,3
98,582,5
99,3,2
99,12,6
99,32,0
99,39,3
99,47,2
99,59,9
99,66,7
99,81,3
99,92,5
99,104,8
99,111,6
99,112,6
99,117,0
99,126,8
99,127,4
99,132,2
99,133,8
99,185,0
99,195,5
99,222,4
99,227,3
99,315,1
99,320,7
99,348,5
99,378,9
99,385,1
99,388,3
99,391,0
99,406,6
99,410,9
99,415,5
99,437,4
99,472,1
99,530,9
99,542,7
99,546,1
99,552,2
99,555,4
100,10,5
100,12,1
100,15,4
100,32,8
100,44,9
100,45,3
100,47,6
100,62,1
100,84,8
100,91,2
100,104,8
100,111,4
100,112,0
100,119,0
100,120,1
100,126,5
100,136,4
100,138,6
100,147,0
100,148,6
100,185,5
100,194,6
100,196,1
100,204,0
100,205,7
100,209,2
100,213,2
100,218,1
100,219,9
100,245,7
100,279,2
100,315,7
100,378,7
100,379,5
100,382,5
100,388,3
100,398,3
100,411,8
100,416,9
100,420,3
100,434,3
100,465,7
100,474,8
100,487,4
100,536,6
100,577,2
100,584,4
100,597,9
101,0,9
101,5,3
101,7,9
101,10,2
101,12,3
101,33,1
101,45,4
101,47,0
101,66,2
101,72,6
101,77,0
101,79,2
101,81,1
101,89,1
101,91,4
101,92,7
101,95,0
101,100,6
101,111,8
101,112,4
101,122,8
101,125,9
101,126,5
101,133,5
101,146,2
101,147,3
101,148,6
101,153,4
101,178,5
101,186,4
101,190,7
101,191,4
101,195,1
101,202,9
101,203,3
101,207,7
101,222,5
101,224,2
101,256,0
101,310,2
101,343,0
101,384,3
101,386,8
101,388,3
101,392,5
101,399,1
101,407,1
101,408,7
101,409,5
101,434,7
101,464,6
101,474,6
101,510,8
101,519,9
101,530,8
102,1,7
102,8,4
102,9,8
102,11,6
102,17,9
102,18,3
102,19,9
102,20,5
102,21,8
102,22,0
102,23,5
102,24,7
102,27,7
102,28,3
102,30,1
102,31,2
102,32,6
102,33,7
102,35,9
102,36,9
102,37,6
102,38,5
102,39,9
102,40,4
102,41,0
102,44,8
102,45,1
102,46,6
102,47,5
102,50,2
102,51,6
102,52,9
102,54,4
102,55,9
102,56,2
102,58,0
102,59,4
102,60,9
102,61,5
102,62,4
102,63,0
102,64,5
102,65,8
102,66,5
102,67,0
102,69,1
102,70,3
102,71,4
102,73,8
102,74,9
102,75,1
102,76,2
102,77,7
102,78,8
102,79,3
102,81,0
102,82,0
102,83,1
102,85,1
102,86,0
102,88,2
102,89,6
102,90,9
102,91,3
102,92,9
102,93,5
102,94,0
102,95,2
102,99,7
102,101,5
102,105,8
102,106,3
102,111,2
102,113,3
102,115,5
102,116,5
102,118,3
102,119,4
102,120,3
102,121,0
102,122,6
102,126,9
102,127,5
102,130,0
102,132,2
102,133,1
102,136,5
102,140,1
102,143,4
102,145,3
102,146,4
102,147,6
102,149,3
102,150,7
102,153,7
102,154,8
102,155,4
102,160,9
102,161,9
102,163,7
102,164,8
102,165,3
102,177,0
102,178,1
102,191,6
102,200,5
102,203,7
102,204,0
102,209,7
102,213,7
102,214,7
102,219,0
102,222,8
102,226,6
102,228,6
102,236,3
102,241,9
102,244,2
102,245,8
102,247,5
102,248,9
102,252,0
102,253,6
102,256,1
102,259,0
102,261,1
102,263,8
102,264,6
102,265,2
102,269,4
102,270,3
102,274,8
102,275,2
102,277,8
102,281,2
102,282,6
102,283,2
102,285,6
102,289,4
102,293,8
102,295,8
102,296,3
102,297,4
102,301,7
102,302,4
102,303,7
102,304,2
102,306,4
102,308,4
102,313,1
102,319,4
102,326,4
102,333,7
102,336,7
102,340,7
102,342,2
102,343,5
102,345,6
102,349,8
102,352,2
102,356,5
102,358,7
102,359,5
102,361,2
102,364,0
102,365,6
102,366,1
102,367,1
102,370,2
102,388,3
102,395,8
102,408,1
102,411,3
102,420,2
102,422,1
102,423,5
102,429,8
102,430,9
102,440,3
102,441,7
102,443,3
102,445,2
102,459,2
102,463,9
102,468,1
102,474,4
102,478,0
102,491,9
102,496,3
102,497,0
102,500,1
102,502,4
102,506,6
102,508,6
102,510,8
102,518,0
102,529,5
102,532,1
102,537,9
102,540,5
102,541,1
102,545,6
102,548,8
102,553,5
102,556,9
102,559,6
102,565,0
102,575,4
102,583,1
102,585,7
102,591,4
102,593,6
102,595,3
102,597,7
103,0,9
103,5,6
103,9,6
103,10,8
103,11,0
103,13,4
103,27,2
103,35,7
103,38,6
103,40,9
103,47,4
103,48,4
103,51,7
103,59,6
103,62,9
103,64,3
103,69,3
103,71,8
103,72,5
103,81,0
103,89,6
103,97,2
103,100,2
103,103,0
103,106,4
103,116,2
103,122,0
103,135,1
103,138,3
103,146,1
103,157,1
103,175,9
103,184,0
103,191,3
103,194,8
103,196,5
103,201,7
103,215,5
103,219,7
103,220,7
103,226,8
103,248,1
103,251,7
103,266,1
103,282,0
103,333,5
103,350,5
103,367,9
103,371,4
103,374,0
103,397,1
103,438,9
103,439,6
103,456,4
103,460,5
103,461,8
103,463,9
103,469,2
103,495,7
103,496,3
103,509,8
103,513,6
103,520,8
103,532,3
103,547,2
103,581,1
104,4,3
104,9,8
104,10,7
104,11,2
104,12,4
104,20,2
104,22,1
104,23,8
104,31,1
104,35,4
104,36,6
104,37,3
104,38,8
104,44,3
104,45,7
104,47,0
104,48,6
104,49,5
104,50,3
104,58,3
104,59,5
104,61,1
104,67,9
104,69,1
104,70,8
104,81,9
104,84,6
104,90,7
104,92,3
104,93,7
104,97,6
104,98,9
104,100,0
104,101,3
104,103,5
104,104,2
104,106,4
104,109,4
104,110,7
104,111,2
104,112,0
104,113,7
104,115,3
104,117,7
104,118,8
104,120,0
104,121,5
104,122,7
104,126,1
104,134,7
104,135,4
104,136,2
104,137,9
104,140,4
104,141,8
104,143,0
104,146,2
104,147,8
104,148,1
104,150,3
104,151,7
104,152,4
104,153,8
104,154,9
104,155,5
104,157,2
104,160,6
104,163,8
104,165,9
104,168,5
104,172,6
104,175,2
104,178,0
104,181,1
104,187,9
104,194,3
104,196,1
104,201,9
104,203,3
104,208,2
104,220,8
104,224,2
104,226,4
104,239,1
104,241,0
104,242,9
104,251,0
104,257,4
104,272,4
104,282,9
104,287,5
104,291,9
104,292,4
104,294,5
104,300,1
104,311,5
104,313,5
104,314,0
104,325,1
104,326,7
104,336,6
104,337,8
104,342,0
104,347,7
104,349,6
104,358,6
104,362,9
104,389,8
104,407,4
104,419,4
104,420,2
104,423,6
104,424,2
104,426,5
104,455,0
104,456,0
104,457,1
104,482,0
104,487,5
104,489,6
104,491,9
104,493,5
104,496,8
104,497,3
104,500,0
104,506,6
104,510,2
104,527,7
104,533,6
104,561,1
104,562,3
104,589,1
105,0,7
105,1,9
105,3,9
105,10,8
105,16,9
105,21,0
105,22,5
105,24,7
105,31,4
105,36,1
105,43,0
105,44,8
105,45,0
105,47,1
105,57,6
105,58,9
105,59,8
105,62,9
105,64,9
105,66,0
105,69,3
105,74,4
105,77,6
105,78,5
105,79,2
105,80,3
105,81,6
105,84,7
105,89,4
105,91,8
105,92,3
105,93,9
105,100,5
105,103,8
105,104,0
105,107,8
105,111,2
105,113,8
105,118,5
105,119,2
105,120,1
105,121,6
105,122,6
105,124,6
105,126,0
105,127,9
105,128,2
105,131,2
105,132,3
105,133,9
105,136,6
105,137,1
105,138,8
105,143,6
105,145,8
105,147,5
105,148,5
105,150,3
105,151,4
105,157,5
105,168,4
105,184,0
105,192,1
105,193,4
105,194,1
105,197,9
105,204,2
105,219,0
105,227,3
105,230,7
105,233,3
105,238,6
105,239,9
105,242,8
105,244,6
105,245,2
105,247,3
105,249,7
105,250,6
105,251,5
105,252,3
105,253,7
105,255,0
105,258,0
105,266,4
105,272,6
105,273,8
105,277,9
105,279,3
105,280,7
105,286,2
105,317,4
105,319,8
105,325,7
105,331,1
105,337,0
105,342,3
105,351,9
105,354,5
105,358,1
105,374,4
105,377,7
105,384,3
105,388,0
105,396,1
105,398,5
105,400,1
105,410,7
105,420,4
105,429,1
105,433,2
105,434,2
105,453,1
105,454,7
105,459,4
105,460,4
105,465,4
105,473,3
105,474,7
105,476,5
105,479,2
105,492,5
105,494,2
105,496,2
105,499,5
105,500,7
105,514,2
105,532,0
105,546,1
105,570,8
105,571,6
105,586,0
105,587,9
105,597,1
106,10,3
106,12,3
106,21,4
106,35,2
106,44,4
106,58,9
106,59,1
106,69,8
106,70,1
106,80,7
106,81,4
106,84,4
106,86,3
106,103,2
106,107,6
106,112,2
106,127,0
106,142,5
106,144,0
106,153,8
106,179,3
106,195,9
106,233,0
106,234,2
106,237,6
106,240,4
106,242,1
106,243,1
106,244,7
106,254,8
106,266,0
106,267,5
106,273,6
106,310,6
106,320,9
106,352,5
106,358,1
106,386,8
106,409,7
106,413,2
106,426,9
106,457,9
106,495,7
106,498,8
106,506,5
106,520,3
106,587,0
107,3,8
107,5,0
107,7,4
107,10,9
107,11,9
107,24,8
107,37,5
107,43,8
107,58,4
107,59,7
107,71,2
107,79,4
107,81,7
107,85,5
107,89,6
107,91,8
107,92,2
107,111,6
107,113,3
107,117,1
107,124,3
107,132,6
107,133,0
107,145,1
107,146,2
107,181,6
107,186,3
107,194,9
107,197,2
107,202,2
107,211,3
107,215,9
107,216,7
107,219,5
107,223,0
107,241,6
107,246,4
107,262,3
107,319,3
107,322,1
107,334,6
107,348,0
107,368,1
107,388,5
107,407,2
107,420,4
107,429,7
107,434,5
107,439,9
107,469,0
107,516,5
107,542,7
107,544,8
107,554,4
107,571,1
108,10,7
108,15,4
108,17,4
108,19,2
108,22,6
108,27,4
108,36,8
108,50,9
108,53,0
108,58,9
108,61,4
108,62,0
108,65,3
108,66,6
108,73,5
108,90,0
108,91,9
108,94,7
108,95,1
108,99,1
108,114,6
108,116,0
108,120,5
108,122,5
108,127,0
108,129,3
108,130,5
108,133,7
108,136,9
108,138,1
108,139,2
108,146,4
108,152,3
108,157,2
108,161,6
108,162,7
108,166,7
108,168,9
108,175,8
108,177,5
108,191,6
108,193,9
108,204,6
108,205,1
108,207,1
108,209,6
108,213,2
108,221,0
108,226,9
108,229,6
108,238,0
108,241,3
108,242,3
108,261,1
108,269,4
108,294,7
108,295,8
108,296,1
108,297,8
108,298,2
108,304,1
108,305,0
108,311,3
108,313,4
108,315,3
108,326,3
108,332,8
108,337,7
108,345,2
108,356,6
108,358,3
108,367,4
108,370,8
108,374,0
108,378,9
108,385,1
108,408,7
108,410,0
108,434,9
108,435,2
108,441,5
108,445,5
108,447,2
108,459,1
108,463,2
108,475,3
108,480,8
108,513,7
108,527,4
108,533,8
108,535,8
108,553,2
108,555,9
108,561,5
108,565,4
108,576,5
109,19,9
109,20,1
109,31,6
109,36,0
109,38,2
109,40,5
109,44,9
109,45,4
109,51,5
109,59,0
109,64,2
109,65,3
109,73,0
109,74,8
109,77,6
109,81,3
109,84,2
109,86,3
109,89,4
109,111,7
109,146,5
109,150,9
109,206,1
109,226,2
109,239,1
109,246,6
109,252,8
109,261,7
109,363,1
109,369,8
109,372,7
109,514,4
110,17,6
110,27,5
110,44,6
110,47,4
110,58,3
110,61,1
110,66,3
110,84,9
110,95,9
110,96,4
110,122,1
110,141,3
110,189,8
110,194,7
110,196,5
110,208,6
110,218,7
110,242,2
110,243,0
110,252,2
110,287,7
110,374,8
110,445,0
110,449,4
110,532,5
111,17,5
111,73,1
111,157,7
111,158,4
111,345,8
111,441,3
111,552,2
111,555,6
112,9,6
112,10,0
112,22,2
112,42,1
112,43,4
112,48,9
112,91,3
112,111,5
112,120,2
112,143,3
112,147,0
112,218,6
112,219,9
112,282,7
112,420,1
112,529,8
112,532,8
112,541,7
113,12,8
113,17,8
113,22,0
113,31,2
113,35,2
113,36,9
113,38,6
113,44,9
113,45,4
113,47,6
113,50,4
113,52,1
113,56,5
113,59,0
113,66,1
113,67,1
113,73,7
113,74,4
113,78,3
113,81,6
113,84,2
113,86,5
113,100,8
113,103,3
113,122,7
113,126,9
113,127,0
113,131,7
113,134,1
113,141,3
113,146,0
113,150,4
113,159,9
113,171,3
113,175,9
113,176,2
113,191,8
113,207,2
113,221,1
113,230,6
113,237,2
113,239,9
113,241,5
113,247,0
113,252,5
113,259,1
113,269,5
113,287,6
113,294,7
113,295,6
113,298,7
113,305,2
113,328,7
113,337,3
113,348,8
113,358,9
113,363,5
113,369,2
113,370,0
113,372,3
113,375,4
113,399,5
113,439,4
113,445,3
113,455,4
113,459,7
113,475,6
113,483,4
113,497,0
113,527,3
113,535,8
113,552,1
113,578,8
114,1,3
114,6,0
114,10,9
114,11,6
114,17,4
114,18,9
114,19,7
114,20,6
114,21,0
114,22,4
114,23,9
114,27,4
114,28,7
114,29,8
114,35,3
114,37,7
114,39,7
114,40,6
114,44,0
114,45,0
114,46,4
114,48,5
114,50,5
114,51,0
114,53,8
114,54,4
114,56,9
114,58,6
114,59,8
114,61,8
114,62,6
114,64,3
114,67,2
114,68,6
114,69,3
114,70,2
114,73,5
114,74,7
114,76,0
114,77,5
114,81,5
114,84,9
114,85,0
114,87,5
114,88,7
114,89,1
114,91,9
114,102,1
114,111,0
114,120,1
114,122,1
114,130,3
114,143,8
114,146,6
114,147,9
114,156,8
114,161,2
114,177,8
114,181,2
114,194,6
114,195,9
114,197,0
114,212,4
114,223,3
114,226,7
114,233,5
114,237,2
114,246,9
114,248,2
114,253,9
114,259,1
114,261,4
114,263,5
114,270,3
114,271,1
114,274,2
114,275,2
114,281,4
114,285,7
114,296,3
114,306,5
114,308,1
114,333,1
114,335,2
114,340,5
114,346,1
114,362,8
114,364,2
114,366,7
114,367,6
114,384,0
114,420,4
114,429,3
114,462,6
114,492,8
114,493,3
114,495,7
114,499,4
114,532,8
114,540,8
114,545,9
114,577,1
114,585,6
114,591,7
114,593,0
114,594,1
114,595,2
115,3,7
115,7,8
115,8,2
115,10,2
115,12,1
115,24,9
115,32,6
115,33,1
115,37,7
115,39,5
115,47,9
115,49,7
115,59,3
115,66,1
115,81,6
115,84,0
115,88,5
115,89,4
115,92,7
115,95,7
115,100,4
115,103,3
115,104,3
115,109,0
115,111,6
115,112,0
115,118,8
115,120,1
115,121,2
115,122,7
115,126,0
115,136,8
115,143,2
115,145,4
115,151,9
115,190,0
115,195,6
115,202,7
115,204,9
115,205,1
115,219,3
115,222,2
115,223,6
115,227,2
115,232,5
115,255,9
115,257,0
115,266,2
115,277,4
115,320,3
115,351,4
115,352,3
115,356,5
115,360,3
115,374,4
115,378,1
115,386,9
115,388,5
115,392,9
115,398,5
115,399,8
115,400,6
115,408,9
115,410,0
115,411,1
115,413,3
115,428,8
115,434,1
115,454,7
115,467,8
115,492,4
115,496,6
115,498,8
115,501,2
115,569,5
115,571,8
115,575,4
115,589,0
115,596,5
115,597,6
116,1,9
116,2,9
116,10,2
116,17,5
116,18,8
116,19,9
116,20,6
116,21,1
116,22,5
116,24,2
116,27,5
116,28,4
116,29,5
116,30,4
116,31,0
116,33,3
116,34,0
116,35,6
116,36,5
116,37,8
116,39,2
116,40,2
116,41,1
116,44,1
116,45,9
116,46,7
116,47,7
116,48,7
116,49,8
116,50,5
116,51,4
116,52,5
116,54,6
116,57,4
116,58,7
116,59,7
116,60,2
116,61,6
116,62,1
116,64,0
116,65,1
116,66,8
116,67,5
116,68,9
116,69,7
116,70,4
116,73,0
116,76,8
116,77,0
116,78,6
116,81,7
116,84,1
116,85,8
116,86,9
116,87,2
116,88,3
116,89,9
116,91,4
116,92,0
116,95,8
116,96,3
116,102,6
116,103,4
116,104,4
116,111,7
116,113,0
116,116,0
116,118,6
116,119,1
116,120,3
116,121,6
116,127,5
116,133,7
116,136,8
116,137,1
116,143,0
116,144,2
116,145,9
116,147,6
116,150,2
116,161,4
116,162,0
116,173,8
116,175,3
116,177,6
116,178,1
116,182,9
116,191,1
116,208,9
116,222,3
116,223,1
116,226,5
116,229,8
116,230,2
116,233,3
116,234,0
116,236,3
116,237,8
116,239,5
116,243,2
116,245,5
116,246,5
116,247,1
116,252,2
116,254,2
116,256,0
116,257,9
116,259,5
116,261,9
116,262,3
116,263,3
116,265,0
116,266,7
116,268,3
116,269,1
116,273,2
116,277,9
116,279,6
116,280,7
116,281,3
116,285,8
116,289,9
116,295,6
116,302,6
116,327,5
116,330,1
116,346,1
116,356,3
116,357,1
116,358,7
116,359,3
116,361,6
116,366,4
116,367,0
116,369,4
116,370,6
116,392,3
116,399,0
116,411,5
116,419,4
116,429,7
116,434,2
116,437,1
116,441,8
116,446,7
116,457,4
116,463,4
116,474,9
116,476,2
116,490,6
116,491,8
116,497,0
116,498,8
116,510,4
116,511,4
116,521,2
116,530,5
116,533,9
116,537,4
116,542,0
116,550,7
116,553,8
116,556,9
116,575,8
116,578,3
116,579,3
116,580,7
116,590,2
117,0,4
117,1,9
117,5,2
117,7,5
117,10,3
117,11,5
117,12,5
117,22,9
117,23,8
117,24,4
117,31,1
117,35,3
117,36,3
117,38,0
117,40,5
117,44,7
117,47,9
117,48,2
117,49,2
117,59,4
117,66,7
117,69,1
117,74,0
117,86,1
117,89,8
117,92,7
117,95,8
117,100,3
117,103,2
117,106,3
117,109,0
117,111,2
117,113,9
117,116,9
117,117,1
117,120,7
117,125,7
117,126,5
117,130,6
117,131,6
117,138,2
117,146,4
117,150,0
117,156,8
117,161,3
117,181,1
117,185,1
117,186,6
117,189,6
117,190,1
117,191,8
117,192,5
117,195,9
117,197,0
117,202,0
117,204,5
117,205,8
117,206,4
117,207,8
117,214,2
117,215,6
117,216,6
117,217,4
117,218,9
117,219,2
117,221,0
117,223,7
117,224,5
117,228,6
117,230,5
117,231,0
117,232,2
117,234,8
117,236,6
117,238,1
117,240,9
117,248,0
117,251,2
117,253,4
117,258,4
117,280,0
117,287,1
117,289,1
117,298,8
117,305,6
117,309,4
117,310,7
117,314,7
117,318,5
117,330,9
117,337,9
117,356,9
117,367,9
117,373,8
117,375,5
117,378,7
117,379,2
117,382,7
117,383,8
117,384,2
117,385,8
117,386,1
117,388,7
117,392,4
117,393,6
117,394,0
117,401,7
117,404,4
117,405,1
117,406,3
117,408,5
117,409,6
117,410,3
117,411,1
117,414,3
117,415,9
117,418,6
117,434,3
117,451,1
117,457,4
117,462,2
117,464,7
117,466,5
117,471,5
117,473,3
117,475,2
117,492,2
117,504,7
117,507,1
117,513,8
117,516,3
117,525,0
117,530,9
117,532,0
117,536,4
117,542,3
117,556,4
117,564,3
117,569,6
117,583,8
117,584,3
117,586,0
117,589,6
118,10,0
118,117,3
118,138,4
118,175,5
118,185,7
118,186,6
118,189,0
118,191,8
118,195,1
118,205,9
118,209,9
118,214,3
118,216,1
118,217,4
118,293,8
118,305,3
118,310,0
118,356,9
118,382,2
118,391,7
118,394,2
118,399,2
118,400,6
118,464,5
118,536,1
119,5,3
119,10,8
119,12,3
119,48,6
119,49,9
119,57,5
119,59,7
119,62,1
119,81,8
119,100,0
119,111,5
119,116,5
119,117,0
119,125,7
119,126,1
119,138,5
119,185,4
119,186,3
119,195,9
119,205,2
119,206,3
119,214,9
119,216,2
119,217,7
119,219,6
119,222,7
119,227,8
119,230,1
119,231,0
119,310,1
119,337,4
119,373,6
119,378,4
119,379,5
119,382,8
119,385,6
119,387,2
119,391,2
119,394,9
119,398,3
119,399,4
119,402,1
119,404,4
119,405,7
119,409,6
119,417,0
119,534,0
119,570,2
120,0,1
120,1,5
120,10,6
120,12,8
120,32,6
120,95,4
120,116,0
120,125,5
120,146,7
120,202,9
120,207,3
120,287,9
120,467,8
120,492,2
120,527,7
121,11,1
121,22,2
121,33,2
121,39,9
121,40,4
121,50,7
121,66,9
121,73,9
121,78,6
121,82,7
121,89,8
121,97,9
121,103,5
121,108,1
121,113,5
121,119,6
121,146,5
121,147,8
121,160,1
121,172,6
121,179,0
121,181,2
121,201,3
121,214,3
121,241,4
121,253,5
121,266,3
121,282,0
121,322,7
121,331,4
121,348,8
121,351,7
121,456,8
121,484,4
121,527,0
121,531,6
121,538,0
122,1,4
122,9,4
122,10,0
122,20,7
122,27,9
122,31,2
122,46,2
122,47,1
122,50,0
122,55,4
122,57,1
122,61,7
122,62,3
122,64,4
122,70,5
122,75,0
122,77,5
122,88,5
122,89,4
122,90,2
122,95,1
122,96,8
122,99,8
122,100,9
122,103,4
122,105,3
122,115,3
122,141,2
122,143,7
122,146,6
122,147,3
122,161,9
122,165,4
122,173,6
122,179,8
122,180,8
122,186,2
122,191,0
122,197,9
122,205,3
122,217,5
122,226,1
122,236,5
122,256,1
122,263,1
122,281,3
122,292,0
122,299,8
122,302,8
122,309,0
122,326,9
122,327,2
122,328,5
122,332,4
122,337,7
122,356,6
122,357,0
122,367,6
122,419,1
122,424,7
122,425,7
122,432,6
122,445,6
122,447,2
122,478,9
122,481,6
122,485,5
122,512,5
122,521,6
122,533,3
122,538,8
122,560,7
122,573,9
122,578,7
123,9,0
123,11,1
123,24,1
123,31,2
123,36,1
123,38,6
123,42,4
123,43,0
123,45,4
123,47,2
123,48,2
123,49,8
123,50,5
123,59,5
123,66,7
123,69,4
123,77,5
123,79,1
123,81,9
123,89,6
123,91,7
123,93,6
123,97,5
123,103,2
123,104,4
123,110,0
123,111,6
123,112,1
123,115,8
123,120,3
123,123,3
123,124,2
123,126,0
123,128,4
123,130,1
123,135,9
123,141,9
123,143,6
123,145,9
123,146,6
123,147,5
123,152,3
123,154,8
123,156,7
123,164,8
123,165,2
123,177,2
123,178,7
123,179,3
123,181,5
123,190,7
123,194,4
123,222,8
123,223,2
123,226,6
123,234,3
123,238,9
123,242,9
123,245,0
123,247,1
123,251,5
123,253,7
123,256,4
123,267,7
123,272,3
123,277,0
123,278,0
123,279,3
123,280,0
123,282,0
123,284,2
123,286,0
123,296,8
123,302,1
123,356,5
123,358,4
123,392,9
123,395,6
123,407,5
123,420,8
123,427,7
123,434,4
123,436,8
123,448,3
123,459,1
123,460,6
123,491,1
123,493,9
123,496,9
123,510,5
123,514,7
123,529,8
123,532,9
123,541,6
123,572,3
123,588,7
123,597,8
124,9,9
124,10,6
124,47,8
124,50,7
124,66,3
124,83,5
124,84,0
124,87,6
124,89,6
124,91,1
124,107,8
124,108,4
124,111,0
124,120,4
124,122,2
124,128,3
124,136,9
124,146,3
124,156,4
124,157,3
124,166,7
124,168,2
124,179,2
124,194,8
124,196,5
124,201,1
124,204,3
124,208,9
124,222,7
124,241,6
124,242,5
124,247,1
124,256,1
124,277,1
124,279,7
124,287,2
124,290,8
124,291,4
124,292,4
124,388,2
124,395,0
124,449,9
124,476,0
124,482,5
125,48,9
125,49,0
125,50,7
125,84,9
125,99,5
125,120,0
125,124,8
125,133,8
125,141,2
125,143,6
125,147,1
125,272,3
125,285,3
125,336,2
125,390,1
125,424,4
125,485,7
126,0,6
126,1,4
126,3,3
126,5,3
126,7,1
126,10,9
126,12,7
126,14,3
126,15,3
126,38,1
126,39,5
126,45,2
126,47,3
126,48,2
126,49,9
126,50,4
126,51,3
126,62,9
126,66,4
126,77,9
126,81,9
126,89,6
126,91,2
126,92,7
126,95,0
126,96,5
126,99,0
126,103,4
126,104,6
126,111,7
126,116,4
126,117,5
126,119,3
126,120,2
126,124,5
126,126,6
126,127,7
126,132,8
126,133,5
126,135,2
126,136,0
126,138,9
126,143,1
126,146,8
126,147,8
126,180,2
126,185,6
126,186,0
126,188,1
126,189,0
126,190,6
126,191,7
126,193,8
126,195,2
126,197,9
126,200,6
126,202,1
126,205,0
126,206,8
126,207,3
126,209,6
126,214,5
126,216,1
126,217,4
126,218,4
126,219,8
126,221,6
126,222,9
126,223,9
126,224,5
126,226,4
126,227,1
126,231,2
126,245,1
126,251,9
126,267,3
126,278,3
126,287,7
126,309,7
126,310,5
126,337,8
126,353,5
126,354,5
126,356,4
126,360,2
126,373,9
126,374,8
126,377,9
126,378,3
126,379,4
126,382,5
126,383,9
126,385,1
126,386,8
126,388,4
126,389,1
126,390,0
126,391,6
126,394,1
126,398,0
126,399,0
126,402,3
126,406,7
126,408,7
126,409,3
126,410,7
126,411,0
126,412,8
126,413,2
126,414,7
126,415,6
126,416,2
126,417,9
126,420,8
126,425,0
126,426,4
126,434,4
126,437,1
126,456,1
126,460,5
126,466,6
126,467,8
126,471,7
126,472,5
126,474,7
126,504,0
126,505,2
126,511,6
126,516,7
126,530,6
126,531,0
126,534,2
126,558,8
126,564,8
127,8,3
127,10,5
127,12,3
127,26,2
127,27,6
127,35,4
127,36,2
127,44,6
127,45,6
127,47,7
127,48,0
127,53,1
127,57,1
127,60,7
127,64,8
127,71,8
127,73,6
127,80,9
127,81,9
127,84,3
127,89,0
127,91,3
127,95,2
127,104,7
127,106,7
127,110,9
127,111,5
127,112,9
127,114,5
127,116,1
127,124,3
127,130,4
127,138,8
127,141,0
127,143,4
127,150,9
127,159,7
127,163,1
127,166,4
127,172,1
127,173,3
127,183,3
127,186,5
127,191,6
127,194,8
127,224,4
127,245,0
127,247,3
127,253,6
127,255,6
127,258,8
127,260,2
127,285,4
127,294,8
127,305,8
127,308,8
127,310,2
127,314,6
127,317,0
127,327,1
127,337,0
127,343,7
127,356,8
127,367,9
127,369,4
127,378,4
127,388,7
127,395,0
127,400,9
127,420,7
127,426,5
127,443,5
127,447,5
127,465,2
127,496,5
127,514,5
127,517,0
127,532,6
127,535,7
127,536,1
127,548,9
127,551,4
127,554,1
127,576,3
127,584,2
127,591,1
127,592,9
127,593,2
127,595,0
128,2,4
128,9,7
128,10,4
128,11,2
128,15,5
128,17,3
128,18,7
128,24,9
128,36,5
128,39,5
128,40,5
128,43,6
128,44,0
128,47,7
128,48,9
128,50,9
128,57,4
128,58,1
128,59,4
128,66,9
128,67,6
128,73,6
128,77,1
128,79,2
128,82,0
128,83,8
128,91,1
128,97,8
128,103,6
128,109,9
128,111,7
128,113,1
128,115,7
128,116,4
128,120,8
128,123,8
128,126,3
128,135,2
128,141,0
128,143,6
128,144,1
128,146,9
128,147,6
128,150,0
128,155,4
128,156,8
128,159,5
128,161,2
128,163,5
128,164,5
128,170,0
128,175,3
128,176,3
128,179,4
128,184,9
128,190,0
128,192,6
128,193,7
128,196,6
128,204,2
128,210,0
128,211,1
128,213,3
128,216,9
128,220,5
128,222,3
128,230,2
128,236,2
128,238,5
128,239,8
128,241,7
128,246,7
128,247,4
128,252,7
128,253,7
128,255,7
128,256,6
128,272,2
128,276,8
128,281,4
128,282,2
128,287,2
128,296,3
128,312,4
128,317,6
128,318,2
128,320,9
128,326,8
128,327,6
128,332,1
128,342,9
128,350,3
128,351,8
128,354,3
128,356,5
128,359,1
128,365,3
128,378,4
128,408,1
128,410,0
128,419,1
128,420,0
128,425,8
128,452,7
128,453,1
128,458,9
128,477,1
128,481,8
128,484,8
128,485,0
128,487,5
128,491,9
128,493,6
128,512,4
128,527,3
128,546,2
128,549,3
128,554,0
128,574,5
128,584,0
129,0,1
129,3,5
129,6,4
129,7,2
129,10,9
129,12,9
129,14,6
129,20,8
129,22,7
129,31,8
129,32,8
129,33,5
129,36,4
129,39,8
129,40,1
129,44,3
129,45,4
129,47,7
129,48,3
129,49,8
129,50,2
129,51,6
129,57,3
129,58,5
129,59,1
129,61,6
129,66,7
129,79,9
129,83,7
129,84,4
129,89,8
129,91,3
129,93,7
129,95,1
129,100,9
129,104,3
129,111,6
129,112,2
129,113,8
129,118,5
129,119,7
129,120,4
129,126,1
129,127,4
129,131,2
129,137,6
129,145,8
129,146,0
129,148,3
129,156,7
129,185,3
129,186,7
129,188,9
129,190,0
129,191,1
129,196,6
129,197,8
129,201,4
129,202,5
129,204,3
129,205,6
129,207,1
129,213,9
129,216,6
129,217,7
129,219,0
129,220,9
129,221,6
129,223,0
129,224,5
129,229,5
129,230,8
129,232,1
129,241,3
129,262,5
129,277,3
129,279,8
129,280,6
129,307,3
129,310,0
129,320,0
129,337,1
129,347,9
129,353,0
129,360,6
129,374,2
129,377,5
129,378,5
129,384,6
129,386,9
129,388,9
129,394,0
129,398,8
129,404,5
129,407,2
129,408,4
129,409,2
129,411,0
129,412,3
129,415,7
129,429,4
129,434,1
129,464,1
129,466,4
129,470,9
129,472,7
129,474,4
129,504,0
129,506,9
129,516,7
129,527,5
129,528,4
129,530,2
129,534,2
129,581,2
129,586,2
129,588,0
130,0,8
130,2,1
130,9,2
130,10,9
130,11,2
130,15,3
130,17,3
130,18,5
130,20,1
130,21,9
130,22,5
130,27,4
130,30,2
130,31,1
130,32,7
130,35,3
130,36,1
130,39,0
130,40,1
130,41,6
130,43,5
130,44,5
130,45,7
130,47,0
130,48,0
130,49,6
130,50,0
130,51,3
130,52,4
130,53,7
130,54,6
130,59,6
130,60,4
130,66,9
130,70,3
130,77,6
130,81,0
130,85,0
130,92,6
130,95,7
130,97,5
130,100,9
130,102,8
130,103,9
130,105,2
130,106,8
130,107,6
130,109,4
130,110,4
130,111,9
130,112,8
130,113,2
130,115,7
130,120,7
130,125,1
130,126,4
130,128,8
130,130,9
130,134,4
130,135,0
130,143,0
130,146,7
130,147,5
130,150,5
130,153,3
130,154,2
130,155,4
130,160,1
130,161,7
130,164,8
130,165,1
130,170,0
130,172,6
130,177,3
130,179,2
130,186,6
130,190,8
130,193,4
130,194,8
130,196,6
130,201,6
130,202,8
130,204,4
130,208,7
130,215,6
130,216,9
130,218,2
130,219,5
130,222,3
130,223,0
130,225,5
130,226,2
130,229,3
130,233,8
130,234,5
130,235,1
130,236,6
130,238,2
130,239,1
130,241,4
130,247,0
130,253,1
130,254,9
130,255,9
130,256,6
130,257,1
130,259,9
130,263,9
130,269,2
130,272,7
130,273,3
130,276,6
130,277,8
130,281,3
130,282,5
130,287,4
130,288,9
130,289,4
130,293,0
130,294,7
130,302,0
130,303,8
130,306,8
130,310,2
130,311,7
130,313,2
130,318,7
130,319,2
130,320,3
130,321,9
130,330,5
130,331,6
130,332,4
130,342,5
130,348,0
130,350,8
130,351,0
130,352,1
130,354,1
130,355,2
130,356,1
130,360,3
130,361,0
130,365,2
130,367,4
130,378,7
130,382,4
130,387,3
130,395,9
130,397,8
130,416,2
130,419,3
130,420,3
130,421,0
130,424,4
130,425,8
130,426,6
130,427,9
130,428,8
130,430,5
130,436,7
130,437,1
130,438,1
130,440,7
130,441,0
130,444,5
130,450,6
130,452,9
130,459,8
130,481,7
130,484,5
130,485,3
130,487,8
130,491,7
130,493,0
130,500,2
130,508,5
130,510,6
130,514,1
130,537,3
130,538,1
130,540,9
130,546,4
130,554,4
130,556,9
130,565,2
130,575,5
130,576,7
130,579,3
130,596,5
131,1,4
131,9,8
131,10,2
131,11,6
131,31,1
131,39,9
131,40,5
131,60,6
131,74,8
131,81,4
131,87,2
131,103,2
131,122,9
131,143,3
131,177,5
131,219,3
131,222,7
131,223,3
131,284,0
131,342,1
131,353,4
131,424,5
131,496,7
131,534,0
132,1,4
132,5,1
132,7,3
132,10,9
132,12,8
132,14,9
132,21,2
132,31,6
132,38,5
132,39,0
132,47,1
132,50,1
132,59,3
132,62,1
132,63,5
132,66,0
132,69,7
132,70,5
132,81,6
132,88,4
132,91,0
132,92,7
132,95,5
132,100,1
132,103,9
132,104,1
132,109,6
132,111,3
132,113,7
132,116,2
132,118,2
132,120,5
132,121,3
132,122,7
132,126,6
132,127,9
132,132,0
132,133,9
132,153,5
132,157,0
132,164,5
132,190,2
132,191,3
132,195,8
132,197,8
132,199,6
132,202,9
132,204,2
132,205,6
132,209,8
132,213,6
132,216,7
132,217,7
132,218,9
132,219,4
132,221,8
132,222,0
132,223,2
132,224,0
132,227,4
132,230,0
132,234,8
132,239,0
132,257,4
132,260,3
132,277,5
132,282,9
132,284,8
132,310,4
132,311,2
132,344,8
132,351,7
132,356,6
132,368,8
132,374,6
132,378,6
132,379,0
132,395,4
132,398,3
132,399,5
132,400,9
132,411,7
132,412,8
132,413,2
132,420,5
132,423,7
132,429,6
132,438,1
132,451,0
132,454,8
132,459,1
132,467,1
132,481,9
132,492,7
132,498,4
132,509,7
132,525,3
132,526,1
132,530,3
132,534,4
132,543,3
132,546,2
132,571,2
132,575,4
132,587,9
132,596,1
133,10,7
133,22,3
133,31,6
133,40,8
133,47,2
133,57,6
133,59,0
133,63,8
133,66,0
133,73,5
133,83,7
133,89,1
133,97,4
133,111,7
133,121,8
133,133,3
133,138,9
133,146,2
133,150,9
133,153,0
133,173,8
133,175,4
133,194,3
133,196,0
133,203,3
133,204,7
133,208,5
133,219,1
133,220,3
133,223,7
133,226,2
133,236,9
133,241,6
133,253,0
133,255,5
133,307,1
133,310,5
133,315,9
133,326,6
133,327,9
133,343,2
133,378,6
133,388,0
133,394,9
133,416,8
133,431,4
133,434,1
133,460,2
133,467,4
133,495,2
133,496,7
133,510,5
133,516,1
133,560,1
133,574,8
133,579,4
134,9,8
134,10,1
134,11,4
134,32,2
134,36,3
134,39,2
134,40,0
134,47,3
134,50,0
134,62,9
134,66,3
134,82,0
134,89,8
134,97,8
134,113,6
134,115,1
134,118,7
134,143,9
134,146,5
134,147,1
134,150,5
134,172,9
134,179,2
134,191,5
134,220,7
134,245,6
134,253,4
134,317,4
134,321,8
134,350,7
134,351,4
134,387,8
134,395,6
134,437,0
134,452,5
134,459,2
134,461,6
134,481,9
134,484,1
134,508,7
134,549,3
135,5,6
135,7,2
135,10,4
135,12,8
135,20,3
135,26,3
135,38,6
135,40,5
135,45,2
135,47,2
135,59,4
135,61,7
135,62,4
135,66,3
135,70,0
135,80,9
135,81,4
135,87,6
135,89,9
135,91,1
135,92,9
135,95,6
135,100,9
135,103,6
135,111,9
135,112,5
135,116,8
135,117,9
135,120,3
135,125,4
135,138,0
135,152,0
135,184,7
135,185,0
135,186,1
135,189,7
135,190,0
135,193,3
135,195,0
135,199,8
135,202,8
135,204,6
135,205,8
135,206,2
135,207,5
135,209,0
135,214,5
135,216,0
135,219,3
135,222,0
135,223,8
135,227,2
135,230,4
135,231,2
135,232,1
135,251,7
135,256,7
135,310,1
135,311,6
135,315,5
135,327,1
135,342,5
135,356,5
135,362,2
135,368,6
135,378,9
135,379,1
135,382,3
135,391,7
135,392,5
135,394,9
135,399,6
135,401,7
135,406,4
135,408,7
135,410,7
135,411,7
135,412,8
135,413,1
135,416,1
135,420,3
135,453,2
135,467,9
135,503,4
135,504,2
135,505,8
135,525,3
135,530,4
135,531,3
135,547,5
135,548,5
135,564,4
135,569,8
135,573,1
135,575,6
136,0,6
136,1,5
136,3,2
136,5,2
136,7,6
136,8,0
136,10,5
136,20,9
136,24,8
136,31,9
136,32,0
136,36,2
136,37,2
136,44,5
136,45,0
136,47,7
136,57,9
136,58,1
136,59,6
136,62,0
136,63,7
136,66,9
136,69,9
136,70,1
136,71,4
136,75,7
136,79,3
136,81,7
136,89,5
136,91,3
136,92,3
136,97,1
136,100,0
136,103,8
136,104,4
136,111,1
136,120,1
136,121,5
136,123,8
136,126,9
136,127,8
136,133,6
136,137,1
136,138,3
136,145,9
136,150,1
136,151,6
136,174,5
136,180,6
136,184,5
136,186,3
136,190,7
136,192,8
136,194,0
136,197,8
136,202,3
136,204,3
136,205,9
136,206,1
136,213,2
136,216,1
136,218,6
136,222,5
136,223,2
136,228,2
136,229,4
136,230,1
136,231,8
136,234,9
136,236,8
136,239,6
136,240,3
136,248,0
136,251,8
136,253,7
136,255,7
136,257,2
136,260,3
136,262,4
136,266,7
136,274,2
136,277,3
136,279,0
136,280,9
136,310,6
136,311,4
136,337,3
136,347,9
136,351,4
136,357,9
136,368,2
136,371,9
136,375,4
136,377,8
136,384,7
136,388,7
136,392,3
136,399,8
136,400,0
136,418,6
136,420,2
136,429,0
136,433,4
136,434,2
136,436,5
136,451,1
136,454,5
136,460,8
136,474,4
136,486,5
136,492,3
136,496,2
136,497,7
136,498,6
136,501,4
136,504,7
136,506,4
136,509,0
136,519,8
136,529,6
136,533,0
136,543,1
136,547,1
136,549,0
136,569,6
136,582,7
136,587,4
136,589,5
137,10,1
137,11,6
137,33,8
137,35,2
137,36,3
137,62,2
137,89,7
137,103,5
137,190,0
137,282,9
137,410,4
137,542,0
137,571,1
138,9,7
138,11,3
138,22,8
138,32,6
138,40,3
138,47,6
138,50,0
138,52,8
138,57,6
138,66,0
138,67,1
138,69,8
138,70,4
138,72,6
138,89,4
138,103,5
138,105,0
138,115,5
138,117,3
138,120,9
138,124,0
138,125,4
138,143,0
138,146,4
138,147,2
138,150,7
138,178,9
138,191,1
138,201,2
138,203,8
138,207,2
138,208,6
138,221,6
138,228,3
138,241,8
138,242,5
138,248,9
138,253,5
138,256,1
138,287,7
138,289,7
138,293,3
138,296,9
138,304,9
138,305,7
138,311,9
138,316,4
138,333,6
138,339,5
138,342,2
138,343,7
138,346,5
138,349,1
138,362,1
138,366,4
138,375,8
138,390,0
138,456,3
138,460,5
138,462,1
138,487,2
138,509,4
138,527,2
139,0,6
139,3,9
139,5,4
139,7,8
139,10,9
139,25,2
139,33,7
139,39,8
139,63,1
139,91,6
139,100,0
139,103,6
139,104,4
139,117,4
139,135,9
139,146,9
139,148,8
139,186,9
139,190,5
139,191,1
139,197,2
139,201,5
139,202,8
139,218,3
139,219,3
139,222,6
139,224,1
139,230,6
139,267,1
139,284,0
139,310,2
139,357,7
139,368,7
139,371,2
139,377,4
139,378,3
139,379,8
139,386,7
139,388,5
139,391,0
139,398,3
139,400,0
139,403,5
139,404,4
139,407,5
139,409,1
139,425,0
139,434,3
139,464,7
140,3,8
140,20,7
140,35,6
140,81,2
140,100,9
140,103,4
140,146,5
140,154,1
140,218,3
140,226,0
140,282,2
141,0,7
141,5,4
141,9,1
141,10,9
141,12,9
141,15,2
141,17,9
141,19,7
141,20,3
141,31,3
141,32,8
141,36,3
141,38,4
141,40,8
141,44,3
141,47,5
141,50,8
141,51,3
141,54,5
141,58,0
141,60,0
141,61,4
141,62,0
141,70,9
141,73,5
141,84,6
141,85,1
141,87,7
141,89,2
141,92,3
141,95,0
141,100,1
141,101,4
141,103,3
141,106,7
141,111,8
141,113,9
141,115,8
141,116,0
141,117,5
141,118,0
141,120,4
141,122,4
141,125,7
141,126,5
141,138,3
141,139,7
141,146,7
141,148,0
141,153,0
141,167,5
141,175,2
141,178,2
141,186,8
141,202,5
141,204,8
141,207,4
141,209,6
141,213,4
141,214,5
141,223,2
141,226,6
141,230,1
141,235,1
141,239,3
141,241,1
141,288,1
141,289,0
141,293,6
141,295,6
141,296,4
141,298,8
141,309,6
141,311,3
141,313,6
141,315,5
141,320,9
141,321,9
141,332,1
141,354,6
141,356,4
141,374,5
141,378,4
141,379,8
141,382,0
141,387,7
141,416,8
141,419,9
141,425,7
141,426,7
141,451,1
141,459,6
141,462,9
141,470,2
141,478,2
141,480,8
141,526,9
141,532,9
141,533,5
141,534,2
141,538,1
141,559,2
141,561,7
141,573,6
141,575,2
141,584,6
142,1,4
142,7,2
142,10,9
142,12,2
142,57,3
142,66,9
142,92,7
142,95,5
142,96,1
142,100,3
142,116,2
142,117,2
142,120,0
142,122,8
142,125,4
142,130,6
142,146,0
142,190,3
142,202,1
142,204,6
142,205,1
142,208,5
142,209,9
142,213,8
142,216,4
142,223,5
142,235,9
142,241,3
142,309,7
142,320,4
142,374,1
142,378,5
142,381,0
142,382,7
142,398,0
142,423,7
142,425,6
142,451,8
142,569,6
143,10,5
143,12,2
143,18,5
143,39,7
143,59,7
143,68,0
143,77,4
143,81,1
143,97,1
143,111,1
143,122,4
143,125,2
143,234,0
143,236,9
143,251,3
143,253,3
143,274,0
143,310,6
143,374,6
143,399,2
143,413,9
143,436,4
143,460,8
143,467,8
143,496,3
143,512,5
143,567,9
144,1,5
144,5,9
144,7,8
144,12,1
144,32,5
144,33,7
144,47,0
144,54,2
144,58,2
144,59,9
144,66,3
144,70,5
144,75,2
144,81,7
144,87,9
144,89,8
144,91,4
144,92,5
144,95,5
144,104,8
144,116,3
144,120,7
144,121,0
144,124,9
144,125,7
144,131,7
144,133,9
144,138,9
144,141,6
144,147,9
144,148,6
144,157,7
144,184,6
144,188,9
144,189,3
144,190,8
144,191,0
144,202,4
144,204,2
144,205,3
144,206,0
144,207,7
144,212,2
144,216,4
144,219,4
144,222,9
144,223,8
144,229,6
144,232,3
144,251,4
144,257,0
144,260,4
144,273,5
144,277,3
144,278,1
144,279,1
144,282,6
144,285,1
144,326,2
144,337,7
144,351,8
144,368,3
144,378,8
144,380,1
144,381,0
144,382,7
144,385,1
144,386,4
144,387,2
144,388,1
144,390,2
144,398,3
144,399,4
144,400,0
144,413,8
144,423,0
144,426,7
144,427,5
144,434,5
144,453,8
144,474,5
144,477,2
144,487,6
144,492,3
144,496,1
144,498,0
144,505,6
144,513,2
144,525,1
144,531,1
144,534,6
144,536,3
144,557,6
144,558,8
144,560,4
144,566,5
144,570,4
144,587,6
145,0,9
145,3,7
145,10,8
145,12,9
145,14,4
145,15,4
145,22,2
145,31,1
145,32,3
145,36,1
145,39,4
145,40,4
145,44,8
145,45,9
145,47,0
145,53,9
145,58,9
145,59,6
145,62,7
145,69,6
145,81,7
145,84,1
145,87,8
145,89,3
145,91,9
145,93,7
145,95,2
145,100,3
145,103,9
145,106,5
145,109,1
145,115,8
145,116,2
145,117,3
145,118,2
145,120,7
145,124,9
145,126,2
145,127,3
145,130,0
145,131,3
145,132,9
145,133,4
145,134,7
145,136,5
145,137,7
145,138,3
145,141,2
145,143,7
145,144,5
145,145,3
145,146,4
145,159,0
145,168,9
145,181,6
145,185,7
145,186,8
145,189,8
145,190,0
145,191,6
145,193,4
145,194,1
145,196,2
145,202,5
145,204,0
145,205,2
145,207,1
145,209,1
145,213,8
145,214,5
145,216,4
145,217,7
145,218,3
145,219,5
145,220,6
145,221,5
145,224,3
145,227,2
145,230,4
145,233,1
145,235,4
145,238,9
145,239,0
145,241,7
145,250,5
145,254,0
145,266,1
145,277,6
145,279,0
145,280,2
145,282,0
145,285,8
145,310,8
145,311,7
145,315,5
145,326,8
145,337,1
145,356,0
145,358,1
145,360,6
145,367,2
145,368,1
145,376,8
145,378,4
145,380,1
145,382,5
145,386,6
145,390,7
145,393,6
145,394,6
145,398,6
145,399,6
145,409,0
145,410,8
145,411,6
145,412,5
145,413,6
145,414,0
145,419,9
145,423,5
145,429,3
145,433,4
145,460,4
145,464,4
145,465,3
145,466,5
145,470,0
145,478,9
145,485,5
145,491,0
145,505,2
145,506,9
145,507,2
145,521,2
145,525,8
145,533,7
145,547,6
145,561,5
145,566,1
145,567,3
145,570,8
145,590,3
146,1,1
146,10,5
146,50,6
146,75,0
146,99,8
146,102,8
146,106,7
146,113,4
146,116,6
146,120,4
146,130,0
146,138,6
146,146,8
146,156,1
146,175,5
146,178,9
146,203,9
146,209,3
146,217,7
146,222,2
146,225,3
146,226,5
146,269,2
146,309,2
146,313,9
146,423,3
146,432,0
146,463,5
146,532,7
146,573,4
146,577,1
147,1,6
147,3,4
147,5,0
147,8,7
147,9,3
147,10,7
147,11,0
147,17,1
147,18,3
147,19,8
147,20,3
147,22,0
147,27,0
147,28,6
147,29,7
147,30,4
147,31,7
147,32,7
147,33,8
147,34,3
147,35,1
147,36,8
147,37,4
147,38,0
147,39,8
147,40,9
147,41,3
147,45,1
147,46,0
147,47,6
147,49,8
147,50,6
147,51,3
147,52,5
147,53,7
147,54,2
147,57,4
147,59,0
147,60,2
147,62,5
147,64,4
147,65,9
147,66,5
147,68,6
147,69,6
147,70,7
147,72,1
147,73,9
147,74,6
147,75,0
147,76,2
147,77,0
147,80,9
147,81,2
147,83,8
147,84,3
147,85,6
147,86,4
147,87,5
147,88,2
147,89,7
147,92,9
147,95,3
147,96,9
147,97,1
147,100,5
147,102,0
147,103,8
147,108,2
147,111,7
147,113,8
147,116,5
147,118,1
147,120,8
147,122,7
147,123,5
147,125,4
147,130,9
147,135,8
147,141,3
147,143,2
147,146,3
147,147,2
147,148,7
147,150,2
147,151,9
147,153,1
147,160,1
147,161,1
147,162,1
147,169,3
147,170,2
147,171,9
147,172,6
147,173,1
147,175,1
147,177,2
147,178,6
147,180,7
147,181,1
147,182,6
147,183,5
147,184,3
147,189,9
147,190,0
147,191,2
147,192,3
147,194,4
147,197,9
147,201,8
147,203,2
147,206,6
147,207,3
147,208,5
147,209,4
147,211,4
147,213,3
147,214,6
147,215,6
147,218,4
147,219,0
147,220,5
147,221,9
147,222,4
147,223,4
147,225,3
147,226,1
147,227,1
147,230,5
147,234,3
147,235,5
147,236,1
147,238,1
147,240,9
147,241,5
147,247,8
147,252,0
147,255,9
147,256,9
147,258,5
147,259,8
147,260,9
147,261,9
147,262,9
147,264,1
147,265,5
147,267,4
147,269,6
147,270,6
147,271,2
147,274,4
147,275,7
147,276,7
147,277,1
147,281,1
147,282,7
147,283,5
147,284,8
147,285,5
147,288,9
147,289,8
147,294,1
147,299,4
147,301,6
147,302,8
147,306,7
147,308,4
147,312,0
147,317,1
147,325,2
147,326,1
147,327,0
147,329,7
147,331,7
147,332,1
147,333,6
147,337,1
147,339,3
147,340,7
147,341,5
147,342,5
147,343,0
147,344,4
147,346,7
147,348,8
147,352,2
147,353,8
147,356,9
147,358,3
147,359,7
147,360,4
147,364,6
147,365,5
147,366,6
147,367,6
147,368,0
147,370,9
147,381,4
147,386,0
147,392,2
147,395,8
147,400,6
147,407,0
147,410,6
147,419,9
147,420,8
147,422,0
147,424,1
147,426,3
147,429,9
147,431,3
147,436,3
147,442,5
147,443,8
147,446,7
147,447,4
147,448,8
147,451,4
147,459,0
147,460,8
147,461,2
147,463,4
147,469,6
147,480,0
147,482,5
147,483,3
147,488,7
147,490,2
147,491,5
147,495,2
147,496,5
147,497,0
147,502,2
147,507,0
147,508,8
147,510,5
147,511,4
147,512,5
147,520,0
147,521,6
147,524,9
147,525,2
147,530,4
147,534,4
147,537,2
147,540,8
147,542,6
147,543,0
147,548,2
147,550,5
147,551,8
147,554,6
147,559,4
147,562,9
147,567,3
147,568,1
147,569,8
147,571,3
147,572,7
147,573,3
147,574,0
147,578,7
147,585,2
147,589,2
147,591,2
147,592,7
147,593,3
147,594,9
147,595,9
148,10,6
148,12,0
148,18,5
148,20,4
148,22,6
148,33,5
148,38,1
148,39,7
148,45,8
148,47,4
148,48,0
148,49,3
148,57,2
148,59,8
148,76,2
148,81,1
148,89,3
148,92,8
148,94,3
148,95,8
148,96,2
148,103,4
148,108,6
148,110,9
148,111,0
148,112,4
148,119,4
148,120,9
148,125,7
148,126,4
148,134,5
148,143,7
148,145,8
148,146,3
148,147,9
148,153,5
148,156,0
148,175,7
148,178,8
148,189,6
148,191,1
148,194,8
148,196,0
148,201,2
148,202,3
148,203,9
148,206,7
148,208,3
148,214,1
148,216,4
148,219,9
148,223,2
148,225,1
148,227,3
148,241,2
148,245,5
148,248,0
148,251,9
148,256,6
148,257,5
148,261,1
148,282,2
148,287,6
148,288,8
148,307,6
148,310,8
148,315,9
148,321,5
148,327,0
148,332,7
148,337,7
148,342,1
148,343,6
148,352,5
148,358,4
148,365,4
148,376,1
148,385,8
148,394,3
148,400,6
148,407,7
148,408,0
148,409,2
148,411,5
148,426,7
148,427,4
148,442,5
148,472,3
148,522,0
148,524,6
148,525,7
148,527,9
148,537,1
148,556,9
148,567,2
149,3,3
149,9,5
149,10,9
149,12,8
149,22,8
149,24,6
149,25,7
149,33,6
149,37,8
149,39,1
149,42,8
149,43,4
149,44,6
149,46,9
149,47,4
149,50,8
149,57,4
149,58,1
149,59,6
149,61,0
149,62,4
149,63,4
149,64,3
149,66,4
149,68,9
149,69,6
149,70,8
149,71,4
149,72,5
149,75,2
149,77,0
149,81,3
149,82,3
149,83,1
149,85,0
149,86,8
149,87,6
149,89,2
149,91,6
149,92,0
149,94,1
149,99,3
149,103,2
149,104,6
149,106,9
149,111,8
149,116,6
149,118,3
149,119,5
149,121,2
149,122,0
149,123,5
149,124,2
149,125,0
149,126,9
149,127,5
149,130,6
149,135,2
149,143,5
149,146,8
149,147,4
149,150,0
149,154,1
149,155,1
149,156,6
149,157,2
149,164,6
149,172,4
149,174,6
149,175,3
149,177,5
149,179,2
149,181,8
149,186,5
149,194,2
149,202,9
149,211,4
149,215,1
149,216,9
149,219,3
149,220,7
149,223,9
149,230,8
149,236,8
149,238,1
149,241,0
149,245,2
149,247,7
149,253,8
149,256,0
149,260,4
149,270,7
149,272,2
149,274,3
149,275,7
149,277,7
149,280,5
149,282,7
149,283,5
149,290,0
149,294,3
149,300,3
149,305,4
149,308,7
149,311,5
149,317,9
149,324,8
149,332,7
149,333,5
149,334,5
149,336,5
149,341,7
149,342,1
149,343,8
149,344,9
149,346,8
149,349,0
149,351,9
149,356,0
149,360,0
149,363,2
149,364,3
149,365,7
149,380,0
149,385,1
149,398,6
149,400,1
149,407,4
149,418,3
149,420,0
149,428,2
149,431,3
149,433,8
149,442,1
149,446,7
149,454,1
149,457,1
149,459,5
149,465,0
149,476,7
149,477,9
149,478,3
149,485,3
149,489,2
149,491,7
149,496,7
149,503,7
149,510,2
149,514,9
149,517,2
149,518,5
149,519,6
149,527,4
149,539,9
149,544,6
149,547,9
149,548,4
149,549,1
149,551,1
149,562,9
149,570,4
149,590,7
150,0,9
150,4,3
150,9,1
150,12,0
150,21,4
150,24,7
150,25,8
150,31,5
150,32,3
150,36,7
150,38,2
150,44,2
150,45,8
150,47,3
150,50,4
150,58,2
150,69,2
150,80,9
150,84,1
150,89,1
150,90,7
150,91,1
150,92,3
150,93,9
150,94,8
150,100,8
150,101,2
150,103,0
150,107,7
150,109,6
150,111,4
150,112,5
150,114,9
150,118,6
150,119,2
150,122,8
150,124,5
150,125,0
150,126,9
150,127,6
150,129,8
150,133,0
150,134,9
150,136,8
150,137,7
150,140,3
150,144,7
150,145,6
150,147,0
150,150,1
150,152,5
150,153,3
150,156,2
150,157,3
150,168,4
150,177,7
150,190,5
150,191,6
150,192,5
150,194,3
150,201,4
150,202,7
150,204,6
150,206,9
150,216,2
150,219,6
150,225,4
150,229,4
150,231,4
150,242,6
150,243,0
150,245,1
150,251,5
150,266,5
150,272,1
150,273,0
150,277,2
150,279,7
150,280,1
150,316,0
150,320,2
150,332,5
150,339,3
150,384,9
150,388,1
150,395,8
150,400,1
150,403,9
150,404,4
150,429,0
150,434,4
150,494,5
150,506,0
150,553,6
150,556,8
150,589,3
151,10,9
151,12,8
151,47,0
151,50,2
151,106,9
151,111,3
151,116,1
151,138,1
151,146,7
151,209,5
151,234,6
151,328,0
151,596,4
152,10,7
152,20,6
152,31,4
152,44,7
152,71,1
152,91,0
152,122,3
152,132,9
152,133,2
152,146,3
152,148,8
152,150,5
152,255,5
152,296,6
152,369,4
153,1,4
153,3,1
153,5,8
153,7,2
153,10,3
153,12,8
153,24,9
153,26,2
153,31,1
153,32,4
153,44,7
153,47,0
153,59,2
153,66,0
153,71,8
153,80,2
153,81,0
153,89,7
153,92,0
153,95,2
153,100,6
153,104,4
153,111,3
153,116,0
153,121,9
153,125,5
153,126,4
153,130,1
153,132,3
153,138,4
153,148,0
153,185,0
153,190,7
153,192,6
153,195,1
153,197,3
153,199,3
153,202,6
153,204,5
153,207,6
153,209,0
153,216,4
153,218,6
153,219,5
153,222,1
153,223,6
153,227,8
153,231,5
153,232,5
153,234,6
153,235,5
153,245,7
153,249,1
153,257,8
153,258,2
153,267,9
153,310,1
153,343,9
153,351,7
153,352,4
153,356,7
153,369,9
153,374,3
153,376,0
153,378,1
153,382,8
153,392,2
153,398,3
153,399,2
153,400,9
153,417,5
153,425,3
153,429,5
153,438,6
153,453,9
153,454,9
153,460,7
153,492,4
153,504,8
153,505,7
153,547,8
153,571,1
154,1,7
154,9,6
154,38,2
154,45,0
154,47,5
154,69,9
154,92,7
154,100,2
154,103,1
154,111,6
154,112,4
154,120,1
154,122,8
154,130,8
154,195,6
154,251,5
154,343,3
154,410,5
154,456,3
154,497,4
154,509,9
154,553,4
154,597,0
155,19,6
155,20,9
155,24,7
155,27,4
155,28,5
155,35,9
155,39,0
155,44,4
155,45,1
155,46,6
155,50,4
155,51,3
155,59,5
155,61,7
155,64,2
155,65,8
155,73,4
155,76,2
155,77,5
155,81,5
155,87,2
155,88,1
155,89,3
155,91,8
155,92,1
155,97,9
155,101,1
155,118,0
155,120,3
155,124,6
155,143,8
155,147,4
155,149,3
155,161,5
155,196,9
155,219,7
155,226,3
155,238,0
155,241,5
155,259,0
155,264,6
155,270,3
155,271,7
155,274,5
155,281,0
155,285,6
155,306,8
155,308,9
155,333,3
155,335,8
155,344,1
155,367,1
155,388,2
155,423,1
155,430,7
155,434,2
155,442,4
155,443,2
155,459,7
155,463,6
155,468,9
155,502,2
155,503,0
155,535,9
155,548,0
155,551,8
155,559,4
155,575,6
155,592,8
155,593,7
155,594,4
156,0,1
156,3,5
156,5,1
156,7,6
156,8,8
156,10,8
156,12,4
156,22,2
156,24,5
156,33,8
156,35,0
156,36,4
156,38,7
156,39,1
156,40,3
156,44,7
156,47,2
156,50,7
156,54,2
156,58,8
156,59,7
156,62,4
156,63,5
156,66,6
156,70,2
156,75,9
156,81,2
156,84,9
156,87,5
156,88,6
156,89,1
156,91,5
156,92,7
156,93,9
156,95,3
156,100,1
156,103,3
156,107,5
156,111,6
156,112,1
156,116,7
156,117,4
156,120,6
156,122,2
156,124,8
156,125,3
156,126,7
156,128,9
156,129,6
156,130,5
156,136,1
156,143,7
156,145,0
156,146,5
156,147,6
156,148,7
156,151,0
156,177,4
156,180,3
156,184,9
156,185,3
156,186,8
156,190,0
156,191,3
156,192,9
156,194,5
156,197,9
156,199,0
156,201,2
156,202,6
156,204,8
156,205,2
156,209,1
156,216,6
156,218,8
156,222,3
156,223,7
156,225,3
156,227,0
156,230,4
156,234,1
156,239,8
156,241,1
156,243,4
156,245,5
156,247,5
156,248,1
156,255,5
156,257,4
156,266,7
156,277,3
156,282,0
156,284,0
156,289,0
156,326,7
156,337,9
156,343,4
156,351,7
156,352,2
156,356,8
156,360,0
156,368,4
156,374,0
156,378,8
156,379,5
156,382,3
156,386,4
156,389,9
156,394,9
156,398,3
156,400,7
156,407,0
156,408,6
156,409,8
156,410,8
156,411,1
156,412,2
156,413,6
156,420,6
156,423,3
156,424,5
156,427,4
156,429,4
156,438,0
156,447,9
156,449,5
156,451,1
156,453,4
156,454,9
156,456,7
156,465,9
156,487,4
156,492,6
156,496,9
156,498,8
156,504,2
156,505,2
156,531,2
156,534,3
156,536,6
156,543,6
156,544,0
156,547,2
156,549,1
156,553,0
156,557,2
156,558,9
156,559,3
156,569,8
156,571,6
156,596,1
157,31,5
157,84,9
157,91,8
157,94,0
157,104,7
157,111,4
157,126,4
157,129,8
157,215,0
157,219,1
157,230,9
157,245,6
157,280,5
157,317,2
157,325,6
157,408,3
157,410,7
158,3,8
158,7,7
158,8,0
158,10,5
158,12,8
158,21,5
158,24,1
158,33,5
158,35,3
158,36,1
158,40,2
158,44,0
158,47,0
158,50,8
158,58,2
158,59,1
158,62,3
158,66,5
158,69,9
158,81,4
158,89,8
158,91,1
158,92,8
158,96,9
158,100,6
158,104,1
158,107,3
158,109,7
158,111,9
158,117,7
158,120,4
158,121,2
158,122,0
158,126,4
158,130,5
158,131,9
158,133,4
158,138,0
158,141,7
158,147,4
158,148,0
158,168,3
158,186,6
158,192,7
158,197,2
158,198,6
158,199,9
158,200,3
158,202,6
158,204,4
158,205,2
158,216,5
158,219,6
158,222,4
158,223,1
158,227,2
158,229,5
158,239,3
158,255,6
158,257,6
158,272,5
158,277,5
158,282,7
158,284,9
158,311,7
158,320,2
158,351,1
158,356,0
158,360,0
158,374,4
158,377,3
158,378,6
158,379,2
158,382,7
158,383,1
158,386,8
158,394,9
158,400,8
158,408,8
158,410,5
158,411,6
158,427,9
158,428,4
158,449,9
158,451,9
158,454,2
158,456,7
158,464,8
158,492,0
158,498,2
158,505,2
158,531,1
158,534,1
158,536,8
158,543,3
158,550,6
158,557,3
158,558,3
158,569,0
158,571,4
158,584,7
159,10,0
159,12,5
159,22,3
159,35,9
159,37,3
159,38,0
159,47,1
159,59,2
159,62,7
159,65,1
159,66,6
159,81,1
159,89,2
159,92,5
159,97,7
159,100,5
159,103,6
159,111,9
159,122,4
159,130,9
159,131,6
159,138,0
159,146,9
159,158,2
159,190,5
159,191,8
159,201,4
159,202,8
159,204,3
159,205,6
159,207,1
159,216,3
159,219,7
159,282,0
159,284,9
159,309,7
159,337,7
159,378,4
159,382,6
159,383,5
159,409,4
159,414,8
159,503,2
159,536,8
159,557,0
159,568,4
159,584,8
160,1,3
160,5,0
160,9,5
160,11,4
160,12,5
160,20,4
160,36,5
160,38,9
160,39,4
160,40,9
160,43,1
160,47,4
160,58,8
160,59,3
160,64,4
160,66,8
160,69,1
160,70,5
160,79,0
160,81,9
160,82,8
160,88,2
160,89,1
160,90,1
160,95,9
160,97,3
160,100,0
160,103,7
160,105,2
160,109,9
160,113,9
160,115,8
160,135,2
160,143,0
160,146,1
160,147,6
160,150,7
160,153,7
160,160,8
160,164,5
160,170,7
160,172,2
160,173,1
160,177,6
160,179,5
160,181,6
160,184,2
160,196,7
160,201,6
160,208,1
160,211,5
160,220,8
160,226,8
160,227,9
160,236,4
160,253,3
160,256,0
160,272,2
160,277,0
160,291,0
160,314,2
160,315,2
160,318,7
160,320,7
160,331,1
160,336,3
160,344,3
160,350,9
160,351,0
160,354,8
160,355,4
160,378,3
160,379,2
160,409,2
160,421,3
160,437,0
160,447,4
160,452,9
160,458,6
160,482,6
160,484,3
160,485,7
160,487,1
160,490,4
160,491,6
160,493,6
160,498,5
160,549,6
160,567,8
160,576,7
160,592,5
161,10,8
161,33,1
161,35,0
161,47,3
161,57,6
161,59,5
161,66,4
161,92,8
161,100,9
161,106,7
161,111,6
161,112,4
161,121,9
161,126,3
161,157,8
161,204,5
161,219,3
161,282,5
161,334,7
161,343,2
161,351,6
161,374,2
161,377,0
161,384,1
161,386,9
161,388,2
161,410,1
161,492,4
161,496,0
161,498,7
162,9,8
162,27,5
162,31,8
162,36,1
162,37,4
162,40,5
162,47,3
162,57,6
162,58,9
162,59,2
162,61,4
162,66,0
162,69,7
162,70,5
162,81,5
162,84,5
162,89,6
162,95,0
162,98,1
162,100,3
162,111,7
162,113,5
162,114,3
162,115,0
162,120,7
162,122,8
162,129,9
162,139,8
162,141,2
162,142,9
162,146,2
162,155,8
162,156,3
162,157,9
162,166,6
162,167,0
162,168,1
162,173,6
162,175,5
162,190,6
162,201,0
162,208,1
162,215,9
162,220,6
162,225,3
162,227,1
162,230,0
162,240,2
162,241,6
162,242,4
162,243,1
162,251,7
162,286,8
162,287,7
162,290,6
162,293,4
162,304,3
162,306,1
162,307,3
162,316,1
162,320,8
162,322,8
162,328,2
162,339,1
162,348,0
162,349,0
162,362,9
162,367,7
162,411,2
162,425,2
162,431,2
162,443,4
162,450,5
162,467,4
162,476,9
162,478,7
162,482,9
162,494,2
162,513,3
162,567,7
162,570,4
162,573,4
162,578,0
162,579,9
163,15,1
163,21,4
163,23,7
163,31,2
163,33,4
163,36,7
163,45,8
163,47,9
163,59,3
163,84,5
163,90,8
163,92,5
163,100,1
163,103,7
163,104,2
163,110,6
163,111,9
163,126,6
163,145,9
163,150,4
163,159,9
163,168,0
163,226,0
163,233,6
163,238,6
163,239,3
163,242,1
163,243,8
163,250,0
163,266,8
163,273,1
163,294,5
163,317,7
163,362,2
163,400,3
163,410,5
163,413,0
163,504,4
164,0,0
164,1,5
164,2,4
164,7,8
164,8,5
164,9,2
164,10,5
164,12,5
164,14,0
164,24,6
164,27,8
164,29,7
164,30,0
164,31,3
164,34,9
164,35,0
164,36,3
164,37,6
164,39,8
164,41,3
164,47,2
164,53,1
164,54,8
164,55,7
164,58,4
164,59,1
164,60,5
164,61,4
164,62,8
164,66,2
164,67,3
164,70,0
164,80,5
164,81,2
164,87,9
164,89,2
164,91,7
164,92,3
164,95,9
164,100,2
164,103,6
164,104,7
164,107,4
164,109,3
164,111,4
164,113,6
164,114,3
164,116,4
164,117,2
164,118,7
164,120,5
164,121,1
164,122,0
164,125,7
164,126,0
164,128,4
164,129,4
164,131,1
164,135,8
164,138,5
164,141,7
164,145,6
164,146,4
164,147,0
164,152,9
164,154,6
164,159,8
164,161,4
164,162,7
164,168,6
164,170,5
164,175,1
164,180,9
164,181,7
164,186,1
164,190,1
164,191,1
164,195,2
164,196,6
164,201,7
164,204,6
164,205,1
164,206,5
164,207,7
164,209,7
164,213,8
164,214,5
164,216,5
164,219,9
164,224,6
164,226,6
164,233,4
164,235,7
164,238,8
164,242,0
164,250,3
164,252,1
164,257,1
164,266,4
164,273,0
164,277,2
164,282,2
164,288,3
164,289,9
164,292,4
164,294,3
164,297,1
164,301,3
164,302,5
164,304,2
164,305,8
164,311,6
164,314,9
164,326,9
164,328,8
164,337,7
164,350,9
164,352,1
164,353,7
164,354,9
164,356,0
164,374,1
164,375,0
164,378,2
164,380,6
164,382,4
164,383,0
164,386,2
164,388,8
164,399,0
164,400,6
164,411,7
164,412,5
164,413,6
164,414,0
164,417,0
164,419,3
164,423,3
164,425,9
164,426,8
164,429,3
164,430,9
164,435,5
164,436,2
164,451,3
164,453,1
164,466,8
164,470,9
164,492,3
164,496,1
164,498,4
164,506,9
164,517,5
164,523,4
164,533,2
164,547,6
164,570,2
164,575,8
164,583,9
165,6,6
165,7,9
165,9,7
165,10,0
165,11,9
165,12,2
165,21,2
165,22,1
165,24,4
165,31,4
165,36,8
165,38,5
165,39,8
165,40,2
165,44,3
165,45,9
165,47,1
165,50,6
165,58,3
165,59,7
165,62,1
165,69,7
165,74,4
165,80,4
165,84,2
165,90,7
165,91,0
165,92,2
165,93,6
165,94,2
165,97,4
165,100,9
165,103,7
165,104,3
165,106,1
165,107,9
165,108,7
165,109,0
165,110,5
165,111,8
165,112,8
165,114,1
165,120,6
165,121,9
165,125,6
165,126,8
165,127,0
165,130,9
165,132,4
165,134,1
165,136,3
165,141,2
165,143,9
165,146,0
165,147,9
165,148,6
165,150,8
165,152,8
165,154,6
165,156,6
165,167,4
165,168,5
165,175,4
165,177,5
165,179,1
165,181,9
165,185,4
165,190,3
165,191,3
165,194,8
165,196,2
165,201,4
165,204,4
165,205,7
165,206,7
165,208,4
165,214,2
165,222,9
165,224,6
165,226,4
165,233,2
165,234,2
165,236,4
165,237,2
165,239,3
165,240,7
165,242,3
165,243,9
165,245,6
165,249,9
165,251,0
165,252,9
165,253,3
165,256,5
165,266,8
165,272,9
165,273,1
165,277,5
165,280,8
165,282,6
165,284,5
165,287,0
165,293,1
165,294,8
165,297,2
165,312,0
165,317,5
165,325,7
165,326,5
165,328,7
165,339,2
165,349,1
165,352,5
165,354,3
165,358,0
165,362,6
165,374,7
165,375,8
165,378,1
165,380,0
165,382,4
165,384,0
165,388,5
165,392,3
165,395,0
165,408,8
165,411,1
165,413,5
165,420,9
165,421,3
165,424,3
165,434,1
165,440,1
165,446,8
165,453,1
165,455,7
165,456,0
165,460,3
165,465,8
165,467,5
165,476,7
165,479,7
165,480,0
165,489,5
165,496,5
165,498,3
165,501,6
165,509,7
165,511,1
165,523,8
165,533,0
165,545,6
165,556,6
165,562,2
165,567,3
165,586,2
165,587,0
166,10,5
166,12,6
166,69,0
166,95,5
166,117,3
166,125,4
166,148,2
166,190,7
166,191,8
166,197,6
166,202,1
166,205,1
166,216,0
166,222,5
166,223,6
166,357,7
166,368,3
166,378,2
166,399,8
166,407,7
166,451,4
166,460,9
166,492,4
166,543,9
167,10,8
167,12,1
167,36,0
167,47,6
167,80,5
167,90,9
167,106,5
167,110,4
167,111,4
167,126,3
167,130,4
167,134,6
167,136,3
167,163,2
167,168,2
167,233,9
167,257,7
167,273,8
167,292,6
167,362,0
167,378,1
167,455,7
167,485,5
167,580,3
168,0,0
168,9,3
168,10,8
168,12,1
168,44,3
168,45,4
168,47,6
168,50,0
168,52,2
168,58,9
168,66,6
168,84,8
168,85,8
168,91,0
168,92,9
168,103,6
168,104,7
168,106,7
168,107,3
168,109,2
168,111,9
168,112,5
168,118,3
168,120,7
168,121,5
168,124,6
168,126,1
168,127,8
168,129,1
168,133,5
168,134,6
168,136,1
168,137,5
168,138,3
168,143,2
168,147,1
168,154,4
168,155,1
168,159,4
168,165,0
168,195,6
168,197,9
168,204,7
168,213,2
168,216,7
168,218,9
168,238,8
168,239,5
168,247,0
168,250,7
168,257,2
168,260,9
168,262,0
168,273,9
168,279,8
168,295,5
168,297,8
168,302,5
168,309,2
168,325,4
168,337,7
168,374,1
168,378,4
168,382,2
168,386,1
168,400,0
168,414,6
168,420,3
168,424,7
168,453,2
168,455,0
168,465,4
168,474,5
168,487,6
168,494,9
168,496,4
168,498,4
168,504,6
168,521,3
168,570,5
168,584,8
168,597,3
169,0,1
169,9,6
169,10,7
169,11,1
169,36,6
169,40,9
169,59,5
169,97,7
169,100,0
169,103,4
169,120,2
169,124,3
169,147,9
169,154,5
169,156,0
169,164,4
169,177,2
169,179,5
169,194,0
169,196,3
169,202,4
169,213,9
169,241,7
169,253,8
169,348,1
169,427,6
169,459,3
169,487,8
169,527,3
169,549,8
169,560,2
169,576,2
170,2,2
170,10,4
170,24,1
170,44,6
170,45,7
170,47,1
170,89,3
170,91,5
170,92,8
170,104,8
170,106,9
170,120,4
170,126,3
170,127,6
170,133,0
170,186,9
170,205,1
170,213,9
170,311,6
170,326,2
170,356,5
170,374,8
170,384,7
170,426,7
170,429,2
170,457,5
170,474,0
170,496,3
170,570,4
170,597,0
171,21,4
171,47,8
171,58,6
171,84,7
171,91,5
171,97,1
171,106,0
171,111,8
171,112,2
171,126,6
171,127,9
171,135,7
171,159,4
171,192,3
171,202,9
171,216,5
171,219,3
171,243,2
171,378,0
171,394,1
171,420,2
171,429,1
171,556,0
172,8,5
172,10,9
172,43,4
172,47,7
172,57,8
172,66,3
172,70,5
172,84,0
172,91,5
172,92,1
172,104,6
172,111,9
172,120,3
172,121,6
172,123,6
172,126,4
172,127,7
172,133,2
172,143,0
172,148,8
172,192,9
172,213,1
172,222,1
172,227,2
172,255,5
172,257,3
172,280,3
172,310,8
172,343,7
172,351,9
172,352,8
172,410,2
172,492,0
172,496,4
172,517,2
172,518,6
172,519,7
172,569,4
173,20,9
173,39,0
173,47,7
173,50,1
173,80,7
173,97,5
173,115,1
173,120,4
173,143,9
173,146,4
173,147,4
173,175,8
173,179,8
173,203,6
173,215,3
173,253,0
173,256,8
173,259,5
173,263,0
173,264,2
173,354,2
173,413,6
173,437,2
173,441,7
173,447,9
173,462,3
173,484,5
173,485,1
173,486,6
173,524,3
174,10,7
174,31,4
174,81,3
174,89,5
174,109,5
174,148,8
174,193,6
174,260,8
174,261,9
174,290,0
174,343,7
174,447,1
174,476,9
174,482,2
174,539,6
174,578,0
175,1,0
175,3,4
175,4,4
175,5,2
175,9,8
175,10,6
175,11,4
175,12,9
175,14,7
175,17,9
175,19,1
175,26,0
175,28,6
175,32,3
175,36,5
175,39,8
175,45,3
175,46,7
175,50,1
175,52,2
175,54,1
175,57,4
175,61,0
175,62,7
175,64,2
175,66,1
175,67,8
175,70,7
175,77,7
175,87,7
175,89,6
175,95,1
175,97,2
175,100,9
175,105,7
175,111,5
175,116,3
175,117,3
175,120,3
175,123,9
175,125,1
175,146,1
175,147,2
175,153,2
175,156,4
175,159,6
175,161,5
175,169,4
175,173,0
175,174,7
175,175,2
175,176,6
175,178,8
175,179,2
175,180,8
175,182,6
175,183,0
175,187,9
175,188,7
175,191,9
175,194,3
175,195,0
175,197,5
175,198,3
175,199,9
175,200,3
175,201,6
175,203,4
175,204,0
175,205,6
175,208,8
175,209,0
175,210,2
175,213,8
175,217,5
175,218,0
175,220,5
175,222,0
175,223,5
175,225,4
175,226,9
175,236,8
175,238,7
175,241,2
175,254,8
175,256,3
175,257,1
175,259,8
175,264,5
175,269,3
175,284,5
175,287,5
175,294,3
175,295,9
175,298,5
175,303,7
175,305,9
175,307,2
175,310,2
175,311,6
175,313,1
175,317,1
175,326,3
175,337,1
175,345,9
175,352,0
175,356,8
175,363,6
175,368,4
175,376,9
175,382,4
175,383,1
175,391,8
175,395,3
175,400,7
175,406,3
175,408,5
175,410,4
175,419,8
175,422,6
175,423,5
175,448,9
175,451,6
175,458,9
175,467,8
175,480,6
175,485,1
175,490,0
175,492,0
175,493,8
175,496,9
175,504,6
175,505,4
175,530,4
175,538,7
175,558,1
175,568,7
175,575,2
175,577,4
175,578,0
175,587,2
175,592,5
176,3,3
176,7,7
176,15,1
176,47,0
176,50,2
176,58,9
176,66,7
176,90,7
176,91,2
176,100,8
176,111,3
176,112,0
176,120,4
176,126,6
176,127,8
176,204,1
176,205,3
176,206,0
176,219,8
176,227,1
176,229,2
176,247,5
176,249,2
176,259,0
176,337,3
176,352,5
176,386,1
176,407,6
176,410,5
176,411,4
176,465,4
176,504,9
176,551,6
176,586,9
177,9,4
177,10,6
177,18,4
177,20,1
177,28,4
177,36,6
177,38,9
177,39,2
177,40,5
177,44,6
177,50,0
177,51,8
177,52,9
177,62,3
177,64,3
177,66,5
177,68,9
177,71,0
177,77,7
177,100,3
177,103,8
177,113,0
177,118,5
177,120,1
177,135,0
177,143,2
177,146,5
177,147,4
177,154,1
177,156,1
177,164,5
177,170,8
177,172,0
177,175,1
177,177,2
177,179,9
177,181,7
177,192,6
177,194,4
177,196,9
177,201,6
177,203,2
177,208,8
177,236,3
177,241,0
177,252,6
177,259,3
177,282,4
177,287,8
177,294,3
177,299,7
177,306,9
177,308,2
177,331,5
177,332,7
177,339,8
177,341,5
177,346,9
177,350,4
177,354,3
177,359,7
177,413,2
177,424,0
177,427,7
177,441,3
177,452,1
177,484,5
177,485,1
177,487,7
177,497,4
177,527,2
177,537,6
177,546,8
178,1,8
178,2,0
178,3,2
178,4,5
178,5,5
178,6,6
178,7,8
178,8,6
178,9,0
178,10,2
178,11,0
178,12,9
178,13,4
178,15,1
178,20,4
178,22,3
178,25,5
178,32,0
178,36,1
178,37,6
178,38,4
178,39,8
178,41,0
178,44,5
178,45,5
178,46,8
178,47,9
178,49,6
178,50,9
178,51,3
178,52,1
178,57,1
178,59,9
178,62,4
178,64,4
178,66,0
178,69,7
178,70,1
178,71,0
178,72,1
178,76,1
178,77,0
178,79,8
178,81,8
178,83,5
178,84,7
178,86,2
178,89,6
178,91,7
178,92,4
178,95,0
178,96,5
178,97,2
178,100,7
178,103,2
178,104,2
178,105,3
178,111,9
178,112,1
178,116,1
178,117,9
178,118,1
178,119,4
178,120,8
178,122,8
178,124,6
178,125,5
178,126,3
178,127,8
178,130,2
178,132,8
178,133,8
178,135,3
178,143,0
178,145,5
178,146,7
178,147,2
178,148,7
178,150,0
178,153,5
178,154,2
178,156,7
178,157,4
178,161,9
178,164,5
178,168,7
178,169,2
178,173,5
178,174,6
178,176,3
178,179,7
178,180,4
178,182,8
178,183,9
178,185,9
178,186,6
178,189,4
178,190,6
178,192,5
178,193,0
178,194,4
178,195,8
178,196,1
178,197,4
178,198,7
178,200,6
178,201,9
178,202,2
178,203,2
178,205,5
178,208,6
178,209,6
178,210,6
178,213,7
178,214,1
178,216,4
178,218,0
178,219,8
178,220,3
178,222,2
178,223,6
178,225,5
178,226,6
178,228,6
178,230,7
178,231,5
178,234,6
178,236,2
178,241,7
178,245,3
178,247,3
178,248,0
178,249,4
178,250,1
178,256,2
178,269,4
178,270,5
178,274,4
178,275,2
178,282,8
178,284,1
178,295,4
178,307,7
178,310,6
178,324,4
178,326,3
178,327,7
178,334,2
178,337,3
178,338,9
178,341,7
178,343,9
178,346,2
178,351,0
178,352,9
178,356,2
178,357,5
178,358,1
178,360,3
178,363,3
178,368,0
178,371,4
178,374,6
178,376,9
178,377,3
178,378,8
178,381,1
178,382,3
178,384,5
178,387,9
178,388,4
178,389,0
178,391,1
178,392,3
178,395,5
178,397,8
178,398,7
178,407,1
178,410,9
178,419,0
178,421,5
178,423,3
178,426,9
178,427,8
178,429,8
178,435,9
178,436,4
178,438,2
178,446,6
178,448,9
178,451,3
178,457,3
178,460,9
178,463,3
178,467,6
178,473,7
178,480,8
178,495,1
178,496,2
178,500,2
178,501,4
178,504,0
178,505,1
178,507,7
178,511,5
178,512,1
178,518,1
178,519,5
178,524,4
178,525,8
178,527,3
178,529,3
178,530,0
178,531,0
178,533,6
178,535,8
178,547,7
178,551,3
178,553,0
178,562,1
178,566,6
178,568,2
178,569,9
178,572,9
178,573,7
178,578,7
179,3,9
179,10,0
179,17,8
179,55,0
179,92,8
179,117,8
179,132,2
179,185,3
179,191,1
179,195,4
179,205,7
179,206,2
179,217,5
179,219,6
179,296,9
179,310,6
179,353,5
179,378,3
179,382,7
179,383,9
179,385,8
179,388,7
179,391,4
179,394,5
179,395,3
179,399,2
179,411,9
179,413,7
179,416,0
179,434,6
179,471,1
179,504,4
179,528,1
180,1,0
180,9,5
180,11,9
180,36,6
180,40,3
180,54,1
180,56,8
180,58,2
180,61,2
180,66,8
180,68,7
180,70,4
180,78,7
180,97,4
180,113,6
180,143,2
180,146,7
180,147,5
180,150,4
180,154,9
180,164,8
180,172,6
180,179,3
180,194,6
180,211,2
180,215,3
180,219,1
180,220,7
180,223,0
180,226,1
180,236,3
180,241,0
180,253,8
180,256,3
180,259,5
180,272,8
180,287,2
180,289,8
180,321,9
180,326,1
180,327,6
180,331,9
180,336,4
180,350,5
180,351,2
180,354,5
180,361,9
180,367,9
180,419,6
180,424,4
180,436,7
180,437,1
180,452,3
180,481,4
180,491,1
180,527,5
180,532,7
180,538,0
180,568,0
181,7,2
181,10,2
181,21,8
181,22,0
181,23,1
181,26,3
181,31,6
181,36,4
181,38,3
181,45,0
181,47,1
181,59,7
181,66,2
181,92,5
181,97,6
181,100,5
181,103,5
181,110,7
181,111,1
181,112,4
181,118,0
181,126,8
181,127,1
181,133,1
181,134,6
181,136,7
181,137,3
181,138,9
181,143,0
181,146,9
181,148,8
181,202,3
181,204,6
181,205,9
181,213,7
181,219,2
181,227,5
181,249,8
181,251,3
181,266,9
181,374,2
181,377,5
181,386,4
181,396,7
181,398,9
181,404,0
181,407,2
181,408,8
181,471,3
181,556,6
181,571,4
181,586,1
181,596,4
182,1,8
182,6,6
182,9,7
182,11,9
182,12,9
182,17,6
182,20,4
182,21,2
182,22,5
182,27,3
182,35,8
182,36,9
182,39,4
182,40,4
182,43,9
182,44,3
182,47,2
182,50,5
182,51,2
182,52,3
182,57,4
182,58,2
182,59,6
182,64,0
182,70,4
182,73,9
182,74,9
182,75,6
182,81,6
182,83,8
182,85,0
182,89,2
182,94,1
182,100,7
182,101,5
182,103,2
182,113,0
182,114,4
182,118,4
182,119,6
182,121,9
182,122,6
182,124,8
182,130,8
182,133,8
182,135,0
182,136,8
182,143,7
182,144,6
182,146,2
182,147,7
182,150,1
182,154,0
182,156,8
182,157,9
182,164,4
182,172,0
182,174,8
182,175,5
182,177,0
182,179,6
182,181,9
182,186,0
182,188,6
182,191,3
182,193,5
182,196,5
182,198,2
182,199,2
182,201,6
182,202,1
182,203,5
182,204,1
182,207,2
182,208,9
182,210,3
182,215,7
182,216,7
182,220,1
182,224,3
182,225,5
182,228,5
182,233,9
182,241,7
182,242,1
182,245,2
182,246,6
182,247,4
182,256,8
182,259,0
182,264,5
182,269,9
182,270,0
182,274,1
182,275,5
182,276,7
182,284,9
182,290,7
182,295,4
182,299,5
182,304,4
182,305,9
182,306,0
182,308,1
182,310,7
182,314,4
182,316,0
182,317,6
182,324,8
182,327,4
182,329,7
182,331,9
182,332,8
182,334,6
182,335,3
182,340,8
182,341,1
182,342,1
182,343,1
182,346,2
182,349,2
182,354,6
182,365,2
182,379,1
182,384,0
182,393,0
182,395,4
182,397,2
182,399,7
182,400,7
182,407,7
182,410,1
182,420,5
182,422,3
182,427,9
182,431,8
182,432,8
182,436,6
182,439,8
182,441,1
182,442,3
182,444,3
182,455,4
182,459,3
182,474,7
182,485,3
182,494,5
182,495,3
182,496,9
182,503,1
182,510,5
182,514,2
182,515,1
182,517,1
182,518,2
182,532,3
182,535,7
182,537,0
182,546,0
182,548,5
182,554,3
182,561,1
182,562,0
182,564,3
182,578,2
182,580,3
182,582,7
182,584,5
182,590,8
182,591,4
182,592,6
182,594,4
182,595,3
183,0,6
183,1,5
183,3,5
183,5,3
183,9,6
183,10,4
183,11,9
183,12,8
183,17,5
183,19,2
183,20,4
183,22,4
183,27,2
183,28,9
183,35,9
183,36,7
183,38,6
183,39,7
183,40,8
183,43,6
183,44,1
183,45,6
183,46,5
183,47,6
183,49,6
183,50,5
183,51,2
183,52,6
183,57,2
183,58,9
183,59,4
183,62,2
183,63,0
183,64,7
183,66,8
183,68,4
183,69,1
183,70,1
183,72,1
183,73,7
183,74,0
183,76,6
183,77,5
183,78,6
183,79,3
183,81,2
183,82,2
183,83,1
183,85,3
183,86,1
183,89,3
183,93,3
183,95,7
183,96,1
183,97,2
183,103,8
183,106,8
183,111,8
183,113,5
183,116,0
183,118,1
183,119,5
183,120,3
183,121,4
183,135,0
183,137,8
183,143,9
183,146,1
183,147,3
183,150,7
183,154,6
183,155,2
183,156,4
183,157,0
183,164,7
183,168,0
183,172,4
183,173,2
183,175,6
183,177,4
183,179,5
183,181,7
183,185,0
183,186,2
183,188,4
183,190,6
183,191,3
183,194,2
183,196,5
183,201,1
183,202,4
183,203,3
183,207,0
183,211,0
183,215,4
183,216,0
183,219,7
183,222,3
183,226,7
183,228,0
183,230,3
183,236,9
183,241,5
183,242,2
183,245,6
183,247,4
183,252,0
183,253,2
183,255,7
183,256,3
183,259,1
183,264,7
183,270,8
183,271,3
183,272,4
183,273,2
183,274,8
183,275,0
183,283,9
183,284,5
183,285,1
183,287,9
183,290,5
183,300,0
183,304,9
183,305,7
183,306,0
183,308,8
183,310,4
183,314,3
183,317,7
183,321,8
183,323,5
183,324,0
183,325,8
183,326,5
183,327,4
183,332,3
183,334,4
183,337,4
183,338,1
183,340,2
183,341,9
183,342,3
183,343,1
183,345,1
183,346,5
183,349,9
183,361,9
183,363,0
183,364,9
183,365,6
183,367,2
183,373,5
183,379,0
183,380,7
183,390,3
183,392,0
183,393,9
183,397,8
183,408,9
183,413,5
183,422,3
183,436,6
183,438,6
183,443,2
183,445,6
183,448,9
183,449,8
183,450,1
183,456,7
183,459,9
183,463,7
183,476,2
183,478,7
183,479,7
183,482,4
183,484,8
183,485,3
183,486,5
183,491,1
183,494,0
183,496,9
183,502,8
183,503,8
183,507,7
183,510,4
183,514,8
183,517,2
183,518,8
183,524,9
183,532,6
183,554,1
183,561,9
183,562,8
183,567,7
183,580,3
183,585,1
183,587,1
183,590,9
183,591,8
183,594,5
183,595,6
183,596,6
184,4,2
184,9,2
184,36,1
184,40,8
184,50,2
184,59,5
184,82,0
184,89,4
184,90,4
184,99,0
184,115,5
184,120,3
184,146,4
184,147,4
184,164,8
184,177,8
184,194,9
184,196,6
184,213,5
184,256,0
184,315,9
184,327,3
184,338,6
184,349,7
184,367,1
184,379,1
184,411,7
184,416,9
184,450,7
184,485,6
184,544,3
185,7,2
185,9,3
185,18,1
185,20,4
185,22,2
185,24,2
185,25,5
185,35,5
185,38,6
185,39,3
185,45,3
185,47,1
185,57,3
185,58,2
185,59,0
185,70,8
185,81,7
185,89,2
185,91,4
185,92,0
185,97,1
185,100,8
185,103,9
185,104,1
185,111,9
185,112,4
185,119,6
185,120,9
185,126,5
185,127,9
185,133,8
185,135,4
185,143,6
185,145,8
185,150,6
185,154,8
185,164,0
185,181,1
185,186,9
185,187,6
185,190,3
185,193,8
185,194,3
185,201,7
185,202,7
185,207,4
185,216,9
185,219,8
185,228,7
185,242,5
185,245,4
185,252,6
185,253,7
185,256,5
185,262,9
185,266,7
185,267,4
185,276,0
185,279,8
185,280,5
185,287,7
185,327,6
185,329,9
185,332,2
185,334,3
185,338,1
185,342,0
185,343,1
185,357,1
185,365,5
185,384,0
185,388,2
185,400,2
185,429,5
185,434,0
185,476,6
185,518,4
185,527,7
185,537,4
185,563,0
185,580,3
185,597,3
186,0,3
186,10,9
186,12,1
186,17,8
186,22,4
186,27,6
186,31,6
186,32,8
186,47,7
186,50,8
186,62,9
186,65,2
186,66,9
186,70,1
186,86,5
186,87,8
186,91,2
186,96,0
186,99,4
186,100,5
186,105,7
186,113,1
186,131,6
186,138,9
186,139,9
186,141,0
186,146,5
186,150,2
186,159,5
186,166,5
186,176,5
186,191,0
186,193,4
186,194,0
186,200,6
186,213,9
186,218,3
186,228,7
186,238,3
186,241,8
186,252,3
186,296,7
186,310,4
186,311,2
186,313,2
186,318,1
186,347,7
186,349,8
186,355,2
186,358,4
186,372,1
186,378,0
186,380,6
186,382,4
186,385,4
186,421,6
186,428,7
186,430,1
186,445,5
186,449,1
186,463,7
186,475,3
186,480,6
186,483,3
186,488,8
186,535,9
186,547,0
186,550,2
186,560,3
187,5,5
187,7,9
187,8,6
187,10,4
187,12,5
187,36,9
187,39,5
187,92,4
187,95,5
187,103,3
187,104,3
187,121,7
187,130,6
187,133,3
187,147,7
187,159,8
187,179,9
187,186,5
187,190,0
187,195,0
187,202,7
187,203,8
187,204,1
187,205,2
187,216,1
187,217,0
187,272,8
187,286,8
187,319,4
187,322,4
187,363,9
187,378,7
187,382,2
187,389,2
187,390,2
187,391,9
187,394,1
187,400,6
187,417,7
187,433,6
187,434,3
187,454,4
187,474,0
187,491,1
187,492,6
187,534,8
188,1,7
188,7,5
188,24,1
188,25,4
188,45,5
188,70,4
188,91,8
188,92,2
188,100,1
188,104,7
188,111,0
188,126,7
188,127,7
188,133,6
188,136,4
188,137,8
188,146,9
188,156,8
188,190,0
188,199,9
188,216,2
188,241,5
188,257,1
188,262,0
188,268,6
188,277,3
188,280,6
188,334,1
188,360,2
188,384,3
188,388,0
188,429,9
188,434,8
188,522,9
188,563,3
189,0,5
189,1,8
189,5,2
189,7,2
189,9,3
189,10,2
189,11,3
189,12,0
189,14,4
189,16,1
189,21,0
189,22,6
189,24,5
189,25,3
189,26,7
189,33,3
189,38,4
189,40,8
189,43,5
189,44,0
189,45,6
189,47,1
189,48,7
189,52,8
189,57,5
189,58,3
189,66,4
189,68,6
189,69,0
189,77,7
189,79,5
189,80,3
189,84,7
189,87,4
189,89,0
189,91,1
189,92,4
189,94,0
189,95,3
189,97,2
189,100,6
189,104,0
189,106,6
189,107,7
189,108,2
189,109,0
189,111,4
189,112,5
189,116,9
189,117,2
189,118,5
189,120,0
189,121,8
189,125,7
189,126,5
189,127,3
189,128,0
189,129,2
189,131,1
189,133,8
189,135,5
189,136,2
189,138,6
189,140,2
189,142,1
189,145,4
189,146,9
189,147,8
189,148,7
189,150,6
189,157,5
189,159,8
189,164,7
189,168,4
189,178,0
189,179,9
189,185,2
189,186,6
189,190,9
189,191,3
189,192,2
189,194,2
189,195,2
189,201,1
189,202,2
189,203,8
189,205,8
189,206,1
189,207,4
189,216,1
189,217,7
189,219,9
189,221,1
189,222,4
189,223,2
189,224,8
189,225,1
189,226,6
189,227,3
189,229,7
189,231,1
189,232,7
189,233,7
189,242,6
189,243,1
189,245,3
189,247,0
189,251,5
189,266,8
189,272,8
189,273,7
189,277,2
189,279,8
189,280,5
189,297,9
189,309,6
189,310,9
189,315,3
189,317,1
189,320,4
189,331,9
189,339,3
189,343,1
189,348,5
189,352,4
189,354,6
189,357,1
189,374,0
189,378,5
189,382,7
189,384,9
189,387,6
189,388,1
189,391,9
189,394,8
189,398,4
189,399,3
189,400,8
189,401,9
189,411,2
189,415,5
189,420,3
189,423,9
189,429,7
189,434,3
189,455,5
189,474,1
189,482,8
189,492,0
189,499,6
189,507,3
189,510,6
189,514,6
189,515,0
189,516,7
189,522,9
189,523,0
189,530,9
189,541,9
189,556,4
189,561,4
189,562,0
189,563,4
189,597,9
190,12,5
190,79,3
190,112,1
190,127,6
190,133,0
190,186,8
190,191,0
190,197,7
190,206,9
190,219,4
190,378,3
190,403,2
190,409,2
190,471,9
190,581,1
191,0,3
191,9,8
191,27,6
191,35,0
191,36,7
191,47,0
191,50,7
191,52,0
191,54,1
191,58,7
191,60,5
191,61,7
191,65,5
191,67,4
191,73,9
191,89,5
191,94,3
191,95,2
191,102,4
191,106,1
191,109,8
191,113,9
191,114,5
191,116,6
191,118,9
191,120,6
191,128,6
191,129,0
191,130,9
191,134,9
191,136,5
191,146,2
191,147,1
191,149,1
191,153,5
191,157,9
191,158,4
191,159,4
191,161,4
191,166,1
191,167,0
191,168,7
191,175,0
191,178,5
191,203,8
191,204,3
191,213,3
191,226,7
191,235,5
191,240,8
191,247,2
191,256,2
191,259,1
191,268,3
191,269,1
191,277,5
191,281,6
191,284,9
191,289,2
191,291,8
191,293,8
191,295,7
191,296,0
191,297,3
191,298,1
191,302,4
191,305,9
191,313,4
191,314,7
191,316,2
191,321,6
191,329,4
191,337,7
191,345,6
191,362,2
191,378,6
191,382,2
191,423,3
191,430,4
191,432,2
191,440,3
191,443,6
191,459,8
191,462,3
191,517,8
191,565,1
191,583,0
192,12,1
192,18,2
192,57,3
192,106,7
192,146,0
192,156,6
192,172,0
192,204,5
192,216,9
192,236,9
192,244,5
192,295,8
192,298,8
192,332,4
192,365,6
192,580,7
193,8,1
193,14,4
193,18,6
193,24,1
193,25,4
193,32,8
193,35,7
193,39,8
193,40,3
193,45,8
193,50,4
193,51,1
193,59,9
193,77,0
193,89,1
193,91,6
193,92,3
193,95,5
193,96,5
193,97,7
193,104,8
193,111,8
193,112,3
193,126,3
193,127,1
193,132,0
193,133,6
193,135,1
193,137,3
193,142,4
193,145,8
193,146,3
193,147,9
193,156,2
193,164,2
193,170,6
193,177,0
193,181,6
193,190,9
193,194,7
193,201,2
193,203,9
193,210,3
193,221,8
193,230,0
193,236,5
193,241,2
193,242,1
193,251,7
193,253,6
193,256,4
193,280,7
193,324,6
193,327,7
193,329,6
193,332,2
193,343,9
193,384,2
193,388,7
193,394,2
193,399,4
193,400,5
193,420,4
193,427,0
193,429,1
193,434,5
193,436,5
193,461,0
193,489,0
193,501,5
193,503,9
193,512,3
193,523,0
193,524,4
193,532,5
193,541,2
193,581,9
194,0,0
194,3,1
194,10,3
194,11,0
194,18,6
194,22,5
194,27,6
194,34,9
194,39,8
194,43,5
194,44,5
194,64,4
194,66,1
194,68,5
194,77,4
194,79,9
194,81,4
194,91,5
194,92,3
194,97,6
194,99,6
194,100,7
194,103,4
194,111,1
194,112,8
194,120,0
194,124,5
194,126,8
194,127,6
194,143,9
194,145,1
194,146,4
194,147,6
194,148,3
194,156,2
194,179,8
194,181,7
194,193,8
194,195,1
194,205,7
194,222,8
194,223,3
194,230,1
194,245,0
194,246,0
194,247,3
194,251,1
194,256,5
194,260,3
194,266,4
194,268,8
194,282,0
194,326,9
194,330,6
194,388,4
194,399,9
194,420,2
194,423,2
194,427,7
194,429,9
194,434,7
194,456,7
194,461,0
194,518,3
194,520,9
194,521,2
194,529,7
194,532,2
194,541,2
194,570,7
194,581,2
195,0,3
195,10,3
195,11,5
195,12,7
195,20,0
195,25,6
195,27,0
195,40,3
195,43,1
195,64,8
195,77,4
195,79,2
195,92,9
195,100,5
195,103,2
195,104,6
195,119,7
195,120,6
195,128,1
195,143,8
195,145,2
195,146,2
195,156,8
195,179,9
195,186,6
195,189,6
195,190,8
195,191,1
195,194,8
195,195,0
195,202,7
195,204,9
195,205,9
195,206,3
195,208,5
195,211,4
195,220,7
195,223,9
195,225,4
195,241,5
195,251,4
195,253,6
195,256,2
195,266,1
195,272,0
195,282,1
195,284,4
195,286,5
195,287,7
195,331,0
195,332,2
195,348,8
195,352,7
195,354,0
195,385,6
195,398,7
195,433,8
195,452,1
195,460,5
195,486,3
195,487,9
195,489,9
195,496,1
195,512,4
195,527,3
195,552,0
196,7,2
196,10,9
196,22,8
196,27,1
196,32,0
196,38,9
196,39,3
196,40,3
196,47,4
196,50,6
196,58,6
196,59,8
196,89,7
196,91,8
196,92,0
196,99,7
196,104,2
196,111,2
196,116,2
196,117,1
196,118,9
196,125,4
196,126,9
196,131,7
196,138,1
196,146,6
196,154,0
196,155,3
196,161,3
196,186,0
196,189,6
196,191,2
196,204,7
196,205,5
196,214,5
196,217,4
196,219,6
196,227,9
196,235,0
196,294,0
196,296,4
196,310,8
196,328,8
196,337,1
196,352,3
196,354,9
196,377,5
196,378,5
196,379,7
196,381,5
196,382,6
196,384,4
196,385,3
196,386,8
196,411,2
196,416,9
196,425,7
196,467,1
196,480,8
196,496,0
196,515,1
196,546,4
196,562,7
196,586,5
197,0,1
197,6,5
197,11,0
197,20,4
197,26,7
197,38,5
197,42,3
197,43,3
197,47,6
197,51,6
197,57,5
197,64,1
197,66,9
197,77,1
197,79,0
197,81,4
197,83,2
197,84,3
197,86,2
197,92,0
197,93,8
197,95,5
197,103,6
197,112,7
197,113,6
197,120,6
197,131,8
197,135,0
197,143,2
197,146,9
197,147,3
197,151,4
197,164,9
197,178,7
197,181,6
197,186,4
197,190,8
197,191,8
197,192,1
197,194,0
197,206,7
197,214,3
197,216,2
197,221,3
197,224,6
197,229,1
197,234,2
197,237,9
197,238,5
197,251,0
197,256,4
197,257,8
197,268,8
197,273,5
197,310,1
197,320,2
197,321,0
197,327,4
197,334,4
197,344,3
197,377,9
197,380,2
197,399,7
197,402,1
197,430,2
197,459,4
197,476,8
197,478,3
197,495,1
197,496,7
197,512,5
197,515,5
197,521,9
197,530,9
197,570,7
198,14,9
198,27,2
198,61,2
198,70,8
198,103,1
198,113,6
198,141,1
198,203,0
198,281,3
198,304,5
198,320,4
198,367,3
198,478,7
199,4,3
199,9,0
199,11,2
199,12,4
199,18,4
199,20,0
199,22,6
199,35,7
199,36,3
199,39,4
199,40,3
199,44,3
199,50,6
199,57,3
199,62,1
199,69,7
199,77,4
199,81,7
199,83,4
199,85,1
199,86,2
199,89,3
199,97,4
199,103,5
199,113,6
199,120,1
199,122,5
199,130,6
199,135,2
199,143,9
199,146,7
199,147,7
199,154,6
199,156,2
199,157,9
199,164,8
199,165,1
199,170,9
199,175,7
199,177,8
199,179,4
199,181,6
199,193,5
199,194,0
199,203,1
199,208,5
199,211,1
199,220,6
199,222,5
199,225,1
199,226,1
199,236,5
199,241,8
199,253,0
199,255,2
199,256,0
199,260,0
199,268,9
199,287,2
199,293,5
199,307,8
199,319,4
199,321,9
199,332,4
199,342,2
199,343,8
199,356,7
199,358,8
199,360,8
199,424,5
199,449,9
199,465,3
199,469,2
199,484,2
199,485,9
199,487,4
199,491,0
199,508,3
199,514,1
199,515,0
199,517,6
199,527,5
199,529,9
199,535,0
199,544,3
199,546,6
199,550,7
199,554,3
199,572,9
199,574,2
199,580,7
199,582,8
199,583,8
199,584,1
200,6,9
200,8,7
200,9,5
200,10,9
200,11,4
200,18,5
200,20,9
200,27,2
200,32,8
200,34,6
200,35,8
200,36,0
200,37,4
200,39,7
200,40,2
200,46,2
200,50,1
200,51,6
200,53,9
200,59,0
200,60,3
200,64,6
200,69,6
200,70,4
200,72,3
200,77,1
200,83,1
200,85,0
200,87,4
200,89,9
200,97,0
200,100,2
200,103,0
200,105,3
200,107,3
200,113,7
200,115,7
200,119,5
200,120,1
200,122,0
200,130,3
200,135,5
200,143,6
200,146,4
200,150,7
200,155,5
200,156,9
200,164,1
200,170,1
200,172,0
200,179,9
200,189,5
200,193,4
200,194,2
200,196,7
200,201,8
200,203,9
200,208,5
200,210,2
200,211,7
200,215,4
200,218,3
200,220,8
200,222,4
200,225,3
200,236,2
200,241,0
200,247,8
200,253,7
200,255,9
200,256,8
200,258,5
200,261,2
200,264,8
200,268,6
200,269,5
200,285,8
200,288,1
200,289,3
200,294,1
200,299,9
200,300,6
200,302,7
200,303,6
200,307,2
200,313,1
200,319,9
200,321,1
200,322,3
200,326,0
200,329,4
200,332,2
200,336,6
200,338,8
200,342,4
200,348,6
200,354,0
200,356,5
200,365,7
200,427,3
200,440,8
200,458,5
200,474,8
200,486,7
200,524,6
200,526,2
200,527,4
200,534,5
200,537,3
200,546,9
200,554,8
200,556,6
200,577,0
200,578,1
200,592,7
201,10,1
201,47,6
201,89,2
201,95,9
201,112,1
201,116,4
201,138,0
201,186,7
201,190,5
201,202,6
201,207,3
201,209,9
201,213,8
201,216,2
201,219,5
201,224,7
201,227,5
201,311,0
201,315,7
201,378,2
201,379,8
201,382,4
201,392,4
201,393,0
201,411,3
201,412,6
201,416,8
201,470,9
201,531,1
201,586,3
202,9,2
202,10,3
202,11,2
202,12,7
202,24,4
202,31,7
202,35,9
202,36,3
202,40,4
202,44,6
202,45,0
202,47,5
202,48,4
202,50,8
202,52,5
202,58,8
202,63,9
202,80,6
202,89,3
202,92,2
202,93,1
202,95,9
202,103,5
202,104,0
202,106,8
202,108,9
202,118,4
202,123,6
202,130,1
202,134,9
202,136,1
202,138,7
202,140,7
202,143,3
202,146,5
202,152,8
202,153,8
202,155,9
202,156,5
202,178,1
202,191,4
202,206,6
202,225,5
202,257,6
202,272,2
202,309,6
202,392,8
202,420,0
202,439,4
202,452,1
202,455,3
202,490,2
202,496,0
202,508,7
202,510,0
202,552,7
203,0,4
203,4,8
203,6,3
203,9,1
203,13,0
203,14,1
203,17,4
203,44,5
203,45,1
203,47,3
203,50,1
203,51,5
203,52,2
203,59,5
203,61,5
203,62,6
203,63,4
203,66,7
203,67,3
203,70,5
203,77,5
203,80,8
203,81,9
203,88,8
203,89,3
203,90,9
203,92,7
203,93,9
203,94,6
203,95,1
203,96,3
203,98,6
203,99,9
203,101,9
203,105,2
203,106,7
203,111,4
203,113,6
203,114,2
203,115,7
203,116,6
203,117,0
203,120,8
203,128,0
203,129,4
203,130,1
203,136,3
203,137,7
203,140,2
203,143,0
203,146,4
203,147,7
203,152,7
203,153,3
203,154,5
203,155,6
203,157,4
203,158,5
203,159,0
203,163,3
203,165,8
203,166,2
203,168,2
203,175,4
203,178,8
203,179,0
203,180,0
203,181,9
203,191,6
203,204,7
203,209,1
203,213,9
203,226,3
203,252,3
203,263,1
203,269,9
203,270,6
203,290,8
203,291,2
203,292,2
203,293,1
203,304,8
203,305,4
203,314,8
203,316,9
203,336,5
203,347,0
203,349,1
203,352,2
203,366,7
203,395,2
203,415,5
203,420,9
203,425,0
203,432,5
203,441,7
203,448,0
203,463,3
203,478,6
203,482,6
203,485,4
203,491,2
203,508,1
203,533,4
203,539,0
203,575,8
203,577,6
203,583,7
204,21,0
204,50,4
204,58,2
204,94,5
204,143,3
204,147,4
204,179,1
204,239,8
204,275,6
204,450,7
204,485,9
205,10,2
205,11,6
205,17,5
205,27,1
205,39,6
205,47,1
205,54,3
205,55,0
205,57,5
205,59,9
205,66,7
205,67,3
205,68,8
205,69,5
205,70,2
205,81,8
205,90,9
205,103,4
205,113,5
205,115,8
205,116,3
205,122,7
205,143,3
205,146,6
205,147,4
205,156,5
205,161,9
205,164,9
205,170,5
205,172,9
205,175,4
205,179,9
205,190,5
205,194,8
205,196,2
205,201,0
205,202,6
205,203,0
205,208,0
205,211,2
205,216,7
205,226,4
205,230,6
205,235,6
205,236,0
205,241,7
205,245,8
205,255,8
205,256,2
205,257,7
205,272,7
205,281,4
205,289,8
205,298,5
205,318,4
205,321,1
205,327,0
205,342,1
205,343,9
205,347,0
205,350,7
205,356,1
205,361,0
205,362,3
205,370,2
205,378,6
205,386,4
205,449,1
205,456,6
205,458,4
205,463,7
205,484,9
205,526,3
205,527,3
205,532,8
205,538,3
205,550,2
205,567,1
206,7,8
206,10,0
206,47,6
206,57,5
206,66,1
206,89,1
206,92,7
206,95,4
206,111,2
206,116,3
206,120,6
206,138,9
206,146,1
206,190,7
206,205,9
206,209,7
206,213,0
206,214,5
206,219,5
206,311,3
206,353,6
206,374,8
206,382,2
206,386,3
206,400,0
206,411,9
206,425,2
206,492,4
206,531,8
207,10,0
207,11,5
207,17,5
207,27,1
207,28,5
207,31,2
207,44,5
207,45,6
207,50,7
207,51,3
207,52,4
207,54,9
207,55,5
207,58,4
207,59,2
207,60,9
207,61,2
207,64,3
207,66,2
207,67,7
207,68,6
207,73,7
207,74,1
207,77,5
207,78,9
207,80,1
207,81,3
207,83,3
207,86,3
207,88,4
207,92,2
207,95,1
207,97,2
207,100,2
207,102,0
207,113,9
207,116,6
207,117,8
207,120,8
207,125,6
207,130,2
207,135,7
207,141,1
207,146,3
207,152,5
207,159,0
207,161,6
207,162,0
207,164,4
207,175,9
207,178,3
207,181,6
207,191,5
207,205,0
207,207,3
207,208,4
207,219,8
207,220,0
207,222,4
207,226,0
207,230,2
207,237,4
207,238,8
207,239,2
207,241,9
207,244,4
207,246,0
207,251,0
207,252,6
207,256,1
207,259,1
207,263,6
207,264,7
207,265,8
207,268,7
207,269,5
207,273,6
207,275,6
207,282,9
207,293,1
207,294,6
207,295,9
207,296,4
207,297,6
207,298,7
207,304,1
207,305,1
207,313,3
207,320,4
207,321,8
207,346,7
207,352,2
207,357,5
207,360,1
207,370,7
207,372,5
207,382,4
207,415,3
207,428,5
207,432,7
207,436,0
207,441,9
207,445,3
207,448,8
207,463,7
207,468,8
207,475,9
207,478,3
207,483,2
207,495,5
207,511,8
207,512,1
207,513,6
207,514,8
207,516,7
207,521,0
207,535,4
207,552,7
207,555,8
207,565,0
207,570,8
207,572,9
207,575,9
208,0,9
208,12,1
208,17,8
208,21,7
208,27,1
208,31,5
208,38,6
208,44,5
208,45,7
208,47,2
208,52,3
208,60,8
208,61,0
208,62,0
208,63,1
208,66,0
208,73,4
208,84,2
208,87,4
208,99,8
208,114,1
208,116,2
208,119,2
208,128,5
208,130,8
208,138,5
208,153,9
208,159,7
208,168,0
208,179,5
208,191,9
208,199,8
208,204,2
208,205,7
208,206,3
208,209,7
208,218,6
208,224,9
208,229,0
208,239,3
208,243,4
208,252,7
208,274,9
208,296,6
208,305,3
208,310,6
208,315,0
208,337,3
208,374,9
208,378,5
208,380,4
208,382,2
208,415,4
208,419,3
208,432,1
208,440,7
208,441,4
208,464,8
208,475,6
208,517,6
208,553,0
208,565,9
208,577,1
208,581,8
209,35,4
209,50,3
209,59,1
209,63,8
209,66,4
209,81,0
209,83,2
209,89,1
209,103,9
209,119,3
209,120,7
209,122,6
209,143,1
209,146,4
209,147,1
209,168,7
209,175,8
209,179,1
209,181,8
209,192,3
209,193,0
209,194,5
209,204,5
209,208,4
209,225,5
209,226,6
209,236,6
209,241,9
209,255,8
209,256,5
209,266,3
209,286,6
209,299,2
209,327,9
209,343,2
209,351,5
209,365,1
209,387,9
209,392,7
209,395,2
209,397,0
209,430,9
209,438,8
209,439,2
209,469,0
209,479,7
209,485,8
209,488,6
209,491,0
209,495,3
209,497,7
209,516,9
209,517,2
209,544,3
209,576,0
209,578,7
209,581,4
210,0,9
210,10,1
210,12,5
210,59,7
210,66,7
210,81,7
210,89,8
210,92,6
210,95,9
210,102,0
210,111,9
210,113,4
210,116,3
210,117,6
210,123,2
210,124,4
210,126,3
210,147,1
210,168,3
210,180,6
210,186,3
210,193,4
210,197,8
210,205,2
210,209,0
210,213,4
210,216,6
210,277,5
210,280,0
210,291,6
210,337,9
210,358,7
210,378,7
210,383,2
210,386,0
210,412,1
210,413,5
210,415,5
210,423,2
210,426,8
210,436,8
210,488,5
210,504,1
210,557,4
211,3,0
211,4,5
211,10,3
211,12,2
211,13,4
211,16,1
211,23,4
211,31,9
211,36,5
211,38,6
211,39,9
211,40,4
211,43,8
211,47,2
211,48,3
211,49,8
211,50,1
211,54,3
211,59,9
211,60,1
211,62,2
211,81,2
211,84,1
211,89,4
211,91,4
211,103,6
211,104,9
211,105,4
211,107,6
211,111,7
211,113,3
211,116,6
211,118,5
211,124,8
211,125,9
211,126,3
211,128,7
211,138,0
211,143,2
211,147,0
211,148,8
211,157,5
211,159,7
211,161,5
211,188,6
211,189,0
211,190,7
211,191,4
211,202,6
211,204,1
211,205,9
211,209,7
211,215,5
211,218,8
211,219,9
211,221,5
211,222,7
211,223,1
211,227,7
211,238,8
211,245,3
211,247,9
211,266,3
211,280,6
211,284,8
211,286,0
211,311,0
211,317,0
211,319,1
211,325,2
211,337,6
211,356,4
211,378,6
211,382,6
211,384,9
211,387,5
211,390,1
211,398,1
211,405,9
211,407,2
211,410,4
211,411,8
211,420,3
211,428,8
211,453,7
211,464,3
211,474,0
211,487,5
211,492,0
211,493,7
211,498,2
211,499,7
211,500,0
211,502,8
211,509,1
211,514,3
211,524,2
211,551,4
211,563,2
212,39,2
212,47,1
212,117,7
212,126,3
212,146,4
212,185,4
212,186,8
212,191,3
212,195,6
212,202,2
212,205,1
212,217,9
212,219,5
212,221,0
212,227,5
212,231,6
212,267,0
212,284,3
212,310,5
212,368,4
212,371,2
212,378,8
212,379,1
212,391,7
212,399,9
212,407,0
212,416,6
213,6,7
213,7,3
213,10,3
213,20,6
213,24,3
213,43,8
213,47,7
213,50,8
213,59,5
213,69,8
213,81,9
213,89,4
213,91,7
213,101,7
213,106,9
213,116,5
213,120,9
213,126,4
213,143,6
213,146,0
213,147,1
213,156,4
213,190,0
213,209,5
213,220,4
213,222,2
213,224,1
213,226,2
213,282,3
213,294,0
213,327,5
213,349,6
213,411,6
213,424,1
213,515,2
214,0,2
214,21,8
214,24,1
214,31,0
214,32,3
214,35,1
214,38,3
214,40,7
214,44,0
214,45,6
214,47,2
214,53,2
214,58,2
214,59,5
214,66,3
214,91,2
214,92,9
214,100,7
214,104,0
214,106,6
214,107,7
214,111,4
214,112,6
214,122,5
214,125,0
214,126,8
214,130,8
214,145,9
214,191,9
214,194,0
214,202,8
214,206,2
214,216,5
214,219,3
214,221,2
214,223,8
214,240,4
214,243,9
214,245,1
214,251,1
214,252,1
214,255,4
214,277,6
214,282,6
214,284,7
214,286,7
214,310,4
214,317,3
214,325,5
214,330,1
214,343,7
214,367,9
214,384,4
214,387,3
214,388,6
214,407,9
214,415,1
214,420,3
214,453,4
214,492,4
214,494,0
214,499,8
214,501,5
214,513,5
214,523,0
214,556,9
214,579,5
215,31,5
215,80,2
215,146,6
215,157,8
215,164,7
215,166,0
215,204,3
215,256,4
215,292,9
215,447,1
215,482,2
215,539,3
216,9,0
216,11,4
216,66,1
216,82,3
216,97,2
216,113,7
216,116,7
216,146,3
216,147,3
216,150,5
216,164,2
216,170,6
216,175,6
216,179,9
216,186,4
216,211,5
216,212,4
216,235,8
216,253,6
216,256,9
216,268,1
216,327,5
216,350,0
216,419,8
217,0,3
217,4,0
217,7,5
217,9,1
217,10,1
217,12,3
217,22,7
217,23,9
217,24,0
217,31,4
217,36,0
217,39,6
217,48,0
217,57,1
217,66,8
217,89,1
217,91,6
217,95,1
217,96,6
217,100,3
217,111,8
217,112,2
217,113,7
217,116,3
217,117,3
217,125,4
217,133,0
217,135,4
217,141,3
217,146,6
217,148,2
217,156,5
217,186,0
217,189,1
217,190,2
217,191,2
217,194,4
217,195,5
217,198,6
217,202,5
217,204,9
217,206,6
217,207,8
217,214,9
217,217,1
217,219,5
217,220,0
217,222,1
217,223,7
217,224,2
217,227,4
217,229,0
217,230,5
217,232,3
217,241,0
217,248,7
217,251,6
217,266,9
217,287,2
217,310,8
217,314,5
217,320,3
217,352,1
217,373,7
217,378,3
217,382,2
217,384,7
217,388,7
217,393,8
217,396,8
217,398,9
217,400,2
217,404,4
217,409,2
217,410,6
217,415,8
217,425,9
217,429,9
217,434,4
217,460,4
217,466,9
217,475,5
217,504,7
217,527,8
217,557,9
217,596,4
218,1,0
218,8,4
218,9,3
218,14,7
218,19,8
218,27,3
218,30,9
218,32,2
218,35,3
218,36,5
218,37,0
218,39,3
218,41,6
218,45,0
218,46,7
218,53,6
218,55,5
218,58,6
218,59,2
218,60,6
218,61,5
218,64,0
218,65,5
218,66,8
218,67,7
218,68,8
218,69,8
218,70,7
218,74,4
218,76,9
218,78,7
218,81,6
218,86,8
218,87,9
218,88,4
218,89,1
218,92,0
218,93,7
218,97,5
218,99,2
218,103,4
218,105,8
218,111,9
218,113,5
218,117,1
218,118,3
218,119,3
218,120,0
218,122,7
218,127,2
218,133,9
218,143,1
218,145,0
218,146,4
218,147,6
218,153,3
218,155,5
218,160,5
218,161,2
218,169,3
218,170,3
218,171,7
218,172,1
218,173,0
218,179,4
218,180,0
218,181,7
218,182,8
218,183,1
218,187,6
218,192,3
218,203,9
218,204,0
218,209,8
218,226,3
218,228,1
218,238,8
218,242,8
218,245,3
218,247,9
218,251,4
218,252,5
218,254,8
218,261,5
218,265,5
218,266,0
218,269,1
218,271,2
218,275,2
218,276,0
218,277,7
218,278,8
218,282,2
218,288,7
218,294,4
218,296,7
218,297,4
218,299,1
218,301,2
218,302,2
218,303,4
218,304,4
218,305,6
218,306,9
218,308,1
218,313,3
218,317,5
218,319,4
218,326,1
218,335,5
218,337,1
218,338,6
218,356,5
218,365,6
218,367,4
218,378,1
218,394,6
218,397,1
218,409,2
218,426,3
218,435,9
218,438,0
218,439,9
218,440,9
218,443,6
218,444,6
218,445,4
218,453,8
218,456,6
218,478,0
218,485,8
218,487,6
218,495,2
218,511,7
218,514,7
218,533,5
218,560,3
218,561,1
218,566,2
218,582,9
218,590,4
218,592,9
218,593,9
218,594,2
219,0,3
219,10,9
219,12,5
219,39,6
219,49,0
219,91,6
219,112,7
219,117,9
219,120,8
219,148,8
219,150,7
219,185,8
219,186,5
219,189,9
219,191,1
219,195,2
219,207,4
219,214,3
219,216,1
219,217,3
219,218,4
219,219,0
219,224,5
219,227,0
219,229,4
219,231,6
219,267,2
219,290,8
219,378,3
219,379,6
219,382,1
219,391,7
219,394,2
219,398,5
219,399,9
219,402,1
219,405,7
219,411,4
219,416,7
219,434,0
219,460,2
220,7,9
220,11,8
220,50,0
220,97,7
220,103,9
220,143,7
220,180,5
220,181,8
220,190,6
220,194,6
220,201,3
220,211,0
220,226,1
220,256,5
220,272,3
220,287,5
220,323,2
220,526,1
220,527,4
220,554,2
220,582,4
221,3,3
221,10,5
221,147,4
221,186,8
221,191,7
221,205,6
221,310,9
221,391,0
221,581,2
222,6,5
222,35,6
222,38,2
222,61,1
222,83,1
222,113,0
222,114,7
222,120,3
222,121,9
222,122,8
222,130,7
222,146,6
222,153,7
222,156,3
222,157,4
222,175,5
222,178,8
222,208,6
222,215,7
222,220,9
222,226,5
222,241,4
222,269,0
222,287,1
222,289,9
222,312,0
222,313,0
222,321,2
222,449,6
222,458,4
222,477,3
222,510,9
222,515,2
222,527,8
222,550,8
223,0,7
223,1,9
223,3,6
223,4,2
223,5,6
223,7,3
223,8,7
223,9,4
223,10,3
223,11,3
223,12,8
223,13,5
223,14,9
223,17,2
223,18,4
223,19,8
223,20,4
223,22,5
223,29,5
223,32,9
223,34,1
223,36,4
223,39,1
223,40,3
223,43,0
223,44,2
223,47,3
223,48,9
223,49,9
223,50,4
223,51,4
223,57,1
223,59,9
223,60,5
223,61,9
223,62,1
223,64,7
223,66,8
223,68,9
223,69,2
223,75,8
223,77,7
223,79,4
223,81,2
223,83,3
223,87,4
223,89,7
223,95,2
223,96,4
223,97,1
223,99,8
223,100,8
223,103,3
223,105,9
223,109,7
223,111,6
223,114,2
223,116,3
223,117,6
223,120,2
223,121,1
223,122,6
223,124,6
223,125,3
223,130,5
223,131,0
223,135,9
223,138,5
223,143,0
223,146,8
223,153,8
223,156,6
223,157,8
223,158,9
223,166,7
223,167,2
223,169,8
223,173,8
223,174,3
223,175,5
223,176,5
223,177,4
223,179,9
223,180,9
223,182,1
223,183,5
223,185,1
223,186,0
223,187,8
223,188,6
223,189,4
223,190,4
223,191,8
223,193,7
223,194,4
223,195,1
223,196,9
223,197,3
223,198,4
223,199,2
223,200,2
223,201,4
223,202,1
223,203,3
223,205,7
223,207,1
223,208,1
223,209,7
223,212,0
223,213,9
223,214,2
223,216,7
223,217,2
223,218,6
223,219,6
223,220,8
223,221,8
223,222,8
223,223,0
223,225,2
223,226,0
223,227,7
223,230,1
223,235,5
223,236,1
223,241,7
223,247,0
223,251,6
223,254,4
223,256,0
223,261,7
223,265,4
223,267,4
223,276,9
223,282,7
223,284,7
223,286,3
223,287,0
223,305,5
223,306,2
223,307,1
223,309,8
223,310,3
223,311,4
223,314,8
223,316,5
223,320,4
223,321,6
223,326,1
223,327,4
223,330,7
223,332,9
223,335,8
223,336,2
223,337,0
223,338,2
223,339,9
223,343,1
223,351,1
223,352,2
223,353,1
223,356,0
223,360,1
223,365,0
223,367,7
223,368,4
223,371,3
223,379,6
223,381,7
223,386,5
223,395,0
223,397,0
223,398,7
223,399,5
223,400,2
223,404,0
223,405,5
223,411,8
223,413,6
223,415,2
223,416,7
223,418,0
223,419,3
223,420,5
223,423,5
223,426,7
223,430,9
223,432,0
223,438,5
223,440,8
223,442,9
223,447,8
223,451,6
223,456,0
223,460,3
223,464,6
223,466,3
223,467,4
223,468,5
223,476,7
223,480,3
223,482,2
223,488,3
223,490,5
223,492,1
223,504,3
223,505,9
223,507,0
223,510,2
223,511,3
223,512,6
223,525,9
223,527,6
223,528,5
223,530,0
223,532,6
223,533,8
223,534,3
223,537,3
223,539,6
223,543,0
223,555,1
223,558,9
223,560,6
223,564,2
223,565,6
223,566,0
223,571,4
223,580,6
223,586,5
223,588,5
223,593,1
224,0,2
224,1,3
224,4,9
224,7,5
224,9,6
224,10,6
224,11,3
224,12,7
224,15,6
224,19,3
224,21,1
224,24,4
224,25,8
224,27,4
224,33,1
224,36,7
224,39,4
224,43,4
224,44,8
224,45,0
224,47,4
224,50,4
224,58,1
224,59,5
224,62,5
224,66,2
224,75,0
224,79,6
224,81,5
224,84,2
224,87,3
224,89,0
224,90,0
224,91,1
224,92,7
224,94,3
224,100,5
224,103,3
224,104,9
224,106,8
224,110,7
224,111,7
224,118,6
224,120,7
224,122,5
224,124,0
224,126,0
224,127,2
224,128,5
224,129,3
224,132,1
224,133,4
224,134,8
224,136,1
224,141,9
224,143,3
224,145,7
224,146,4
224,148,2
224,149,1
224,150,9
224,151,6
224,153,6
224,178,9
224,179,0
224,184,1
224,186,4
224,190,9
224,191,2
224,202,1
224,203,2
224,204,7
224,205,0
224,206,3
224,208,8
224,214,5
224,218,4
224,219,9
224,223,2
224,233,4
224,241,0
224,242,1
224,243,1
224,245,8
224,250,6
224,251,0
224,257,5
224,263,4
224,266,6
224,272,9
224,273,5
224,277,1
224,279,3
224,280,8
224,286,7
224,308,2
224,325,5
224,326,7
224,331,7
224,334,9
224,343,3
224,371,5
224,374,0
224,378,8
224,382,6
224,384,5
224,385,0
224,395,7
224,408,9
224,412,9
224,416,8
224,421,0
224,429,6
224,434,2
224,460,8
224,465,6
224,472,8
224,479,9
224,485,2
224,501,7
224,504,8
224,511,3
224,522,3
224,523,2
224,528,2
224,546,6
224,563,9
224,571,8
224,577,4
224,597,1
225,8,5
225,9,8
225,10,5
225,16,3
225,18,1
225,19,0
225,21,5
225,26,1
225,27,8
225,28,9
225,29,0
225,33,2
225,35,7
225,39,1
225,41,0
225,45,2
225,47,0
225,48,0
225,49,8
225,50,8
225,51,2
225,52,0
225,55,6
225,57,4
225,58,6
225,59,2
225,60,8
225,64,4
225,65,9
225,66,7
225,69,7
225,70,6
225,73,0
225,77,2
225,80,9
225,81,3
225,84,7
225,85,2
225,87,6
225,89,9
225,92,9
225,111,2
225,143,3
225,148,4
225,156,8
225,161,4
225,194,3
225,206,6
225,215,1
225,242,4
225,246,5
225,248,4
225,252,3
225,259,1
225,263,8
225,264,5
225,266,3
225,270,4
225,271,9
225,273,7
225,281,0
225,282,1
225,300,5
225,313,6
225,320,8
225,342,3
225,343,9
225,352,6
225,420,5
225,446,3
225,456,1
225,545,1
225,556,7
225,559,2
225,567,7
225,577,9
225,585,6
225,593,7
226,1,6
226,3,5
226,5,3
226,8,7
226,10,0
226,14,4
226,15,4
226,17,4
226,18,1
226,19,3
226,20,1
226,21,5
226,22,0
226,26,6
226,27,6
226,28,6
226,30,6
226,32,0
226,33,9
226,35,4
226,36,4
226,37,8
226,38,3
226,39,1
226,40,6
226,42,7
226,43,7
226,44,5
226,46,7
226,47,2
226,48,4
226,49,2
226,50,1
226,51,1
226,54,7
226,58,0
226,59,2
226,60,8
226,62,6
226,63,8
226,64,0
226,65,8
226,66,9
226,67,7
226,69,3
226,70,8
226,72,6
226,73,6
226,76,0
226,77,1
226,78,8
226,79,4
226,81,7
226,84,8
226,85,1
226,87,6
226,89,3
226,99,2
226,102,8
226,106,1
226,111,9
226,112,9
226,117,7
226,118,5
226,120,7
226,123,9
226,143,6
226,146,6
226,147,5
226,148,0
226,161,4
226,164,2
226,165,8
226,177,6
226,189,7
226,192,4
226,196,0
226,201,3
226,202,2
226,203,8
226,204,4
226,213,0
226,214,0
226,219,0
226,222,8
226,223,8
226,226,2
226,230,9
226,238,0
226,244,8
226,246,9
226,248,5
226,252,0
226,255,0
226,258,3
226,259,3
226,260,3
226,263,2
226,264,4
226,265,0
226,267,3
226,268,9
226,270,3
226,271,5
226,272,1
226,274,7
226,275,7
226,281,9
226,282,7
226,283,2
226,284,9
226,285,5
226,301,3
226,303,5
226,306,2
226,308,1
226,311,4
226,332,2
226,333,9
226,340,8
226,343,2
226,352,1
226,356,3
226,361,1
226,363,5
226,367,2
226,371,0
226,376,8
226,377,1
226,400,7
226,407,6
226,408,2
226,410,0
226,418,9
226,420,6
226,422,5
226,423,1
226,441,9
226,443,9
226,444,6
226,456,3
226,459,5
226,460,4
226,463,9
226,491,3
226,496,5
226,502,0
226,509,2
226,510,3
226,511,1
226,517,5
226,518,6
226,519,2
226,520,5
226,521,1
226,524,9
226,525,3
226,529,5
226,532,4
226,540,4
226,543,3
226,545,4
226,548,7
226,556,2
226,566,8
226,575,2
226,585,1
226,589,7
226,590,5
226,591,4
226,592,7
226,593,1
226,594,9
226,595,8
227,7,6
227,18,5
227,20,6
227,32,8
227,44,1
227,46,3
227,58,0
227,61,2
227,62,3
227,66,2
227,68,0
227,70,4
227,72,7
227,75,8
227,89,0
227,95,5
227,96,3
227,97,4
227,100,4
227,103,1
227,105,1
227,112,9
227,141,8
227,143,3
227,146,8
227,175,4
227,191,9
227,194,5
227,197,1
227,226,9
227,230,8
227,245,6
227,246,7
227,252,5
227,253,2
227,255,2
227,285,6
227,295,3
227,309,5
227,313,8
227,332,1
227,343,7
227,347,9
227,372,6
227,392,4
227,425,9
227,447,7
227,463,6
227,478,0
227,499,5
227,510,7
227,513,7
227,517,4
227,539,0
227,573,2
227,578,3
228,10,5
228,11,3
228,12,2
228,14,4
228,18,6
228,20,3
228,22,3
228,23,9
228,27,2
228,31,2
228,35,3
228,38,1
228,44,4
228,45,0
228,46,3
228,50,4
228,51,6
228,52,1
228,54,5
228,57,5
228,59,5
228,62,4
228,64,2
228,65,1
228,66,1
228,68,4
228,69,0
228,70,2
228,75,0
228,77,1
228,80,0
228,81,2
228,83,4
228,89,5
228,93,0
228,99,9
228,100,1
228,103,7
228,106,9
228,108,2
228,111,6
228,112,7
228,115,0
228,118,4
228,119,9
228,120,7
228,126,7
228,130,3
228,134,5
228,135,8
228,136,9
228,146,8
228,147,4
228,148,3
228,149,5
228,156,4
228,168,8
228,175,8
228,186,8
228,196,6
228,198,2
228,201,2
228,203,5
228,204,6
228,207,6
228,222,4
228,223,8
228,226,3
228,230,3
228,245,3
228,261,7
228,266,0
228,281,6
228,282,7
228,301,7
228,302,8
228,326,0
228,330,5
228,335,7
228,337,9
228,338,2
228,341,1
228,343,1
228,367,8
228,381,6
228,392,6
228,404,9
228,409,0
228,416,9
228,430,0
228,437,8
228,441,1
228,476,7
228,486,9
228,497,9
228,505,5
228,517,1
228,557,7
228,577,8
229,0,9
229,10,5
229,27,2
229,28,0
229,35,1
229,36,1
229,37,3
229,39,4
229,47,4
229,50,8
229,57,3
229,59,0
229,66,7
229,67,2
229,77,9
229,81,8
229,91,0
229,92,5
229,103,9
229,104,2
229,111,2
229,113,7
229,120,3
229,122,6
229,126,7
229,128,5
229,147,6
229,151,3
229,160,6
229,164,4
229,168,5
229,171,6
229,172,8
229,177,8
229,181,5
229,191,9
229,193,4
229,204,7
229,206,0
229,226,2
229,229,9
229,233,6
229,245,3
229,247,3
229,252,7
229,275,6
229,281,0
229,311,5
229,313,3
229,319,0
229,321,8
229,345,4
229,351,9
229,354,6
229,361,1
229,366,5
229,378,7
229,382,4
229,389,2
229,410,1
229,412,1
229,459,8
229,500,4
229,508,1
230,10,1
230,11,4
230,32,3
230,35,7
230,40,8
230,44,2
230,50,0
230,57,2
230,59,0
230,70,9
230,81,7
230,91,8
230,97,0
230,100,4
230,103,1
230,118,2
230,125,0
230,133,2
230,135,4
230,146,5
230,147,6
230,156,5
230,157,3
230,177,1
230,179,0
230,181,2
230,186,6
230,190,9
230,194,6
230,201,3
230,202,4
230,207,3
230,208,9
230,215,6
230,216,3
230,218,8
230,219,8
230,220,1
230,223,5
230,225,7
230,241,2
230,247,2
230,253,5
230,287,7
230,312,4
230,323,6
230,327,0
230,334,4
230,342,1
230,374,8
230,379,5
230,388,5
230,400,3
230,427,1
230,434,9
230,436,6
230,438,3
230,460,1
230,469,7
230,482,9
230,544,9
230,564,8
230,574,7
230,576,0
230,582,4
231,31,4
231,52,3
231,57,5
231,89,2
231,103,7
231,124,1
231,142,9
231,143,0
231,146,0
231,147,1
231,156,9
231,168,8
231,170,4
231,184,3
231,203,4
231,206,2
231,228,3
231,229,8
231,242,1
231,243,8
231,287,7
231,293,6
231,304,7
231,316,0
231,342,0
231,343,5
231,349,9
231,369,6
231,424,6
231,430,1
231,449,2
231,527,9
231,556,5
232,6,0
232,9,2
232,19,7
232,20,7
232,22,1
232,23,9
232,27,8
232,29,5
232,35,3
232,37,2
232,38,6
232,39,8
232,41,8
232,44,9
232,45,4
232,50,0
232,51,5
232,52,3
232,54,9
232,55,3
232,58,9
232,59,0
232,62,2
232,64,6
232,65,5
232,66,1
232,69,9
232,71,2
232,73,4
232,76,2
232,77,6
232,81,9
232,84,7
232,85,1
232,88,7
232,89,7
232,93,4
232,104,2
232,111,5
232,118,1
232,126,3
232,136,2
232,145,5
232,146,0
232,149,6
232,150,7
232,177,4
232,178,0
232,244,3
232,246,9
232,247,5
232,252,4
232,256,6
232,259,1
232,261,1
232,265,3
232,269,6
232,270,3
232,274,0
232,297,7
232,302,1
232,333,2
232,361,8
232,364,1
232,366,0
232,369,6
232,388,4
232,408,8
232,424,3
232,459,8
232,462,4
232,575,5
232,594,8
233,19,8
233,22,6
233,35,1
233,36,9
233,39,8
233,44,3
233,45,0
233,50,4
233,51,2
233,59,5
233,61,9
233,64,0
233,81,1
233,85,2
233,88,3
233,93,7
233,118,1
233,119,7
233,120,6
233,136,8
233,147,4
233,226,3
233,247,7
233,252,0
233,266,9
233,274,4
233,275,9
233,280,4
233,306,7
233,333,8
233,335,3
233,388,0
233,397,6
233,430,5
233,443,6
233,459,2
233,495,5
233,522,1
233,585,3
233,592,5
233,594,2
234,0,2
234,3,5
234,5,0
234,7,5
234,10,8
234,11,4
234,12,3
234,14,3
234,22,2
234,24,2
234,26,6
234,33,2
234,35,5
234,38,5
234,39,6
234,48,3
234,49,0
234,50,3
234,57,4
234,58,6
234,59,0
234,60,1
234,61,1
234,69,8
234,81,2
234,91,7
234,92,2
234,100,4
234,103,9
234,111,3
234,116,5
234,117,0
234,124,8
234,125,6
234,131,4
234,138,8
234,141,9
234,146,7
234,148,5
234,186,0
234,190,3
234,191,2
234,192,5
234,195,3
234,197,0
234,202,5
234,205,6
234,206,9
234,207,8
234,216,3
234,218,6
234,219,8
234,221,6
234,222,9
234,223,3
234,224,1
234,227,4
234,230,1
234,231,7
234,232,9
234,233,2
234,238,3
234,241,1
234,251,6
234,282,7
234,309,0
234,310,1
234,322,9
234,337,2
234,348,7
234,352,6
234,353,7
234,368,3
234,372,4
234,373,8
234,382,1
234,386,4
234,388,6
234,392,4
234,393,0
234,396,4
234,399,4
234,400,1
234,401,0
234,404,7
234,409,1
234,410,0
234,411,9
234,413,5
234,415,5
234,416,9
234,417,6
234,434,8
234,464,1
234,470,5
234,472,9
234,473,8
234,501,2
234,509,8
234,516,7
234,525,2
234,528,7
234,543,9
234,556,8
234,564,4
234,571,7
234,588,7
235,10,8
235,12,8
235,21,6
235,28,5
235,47,6
235,65,5
235,92,4
235,104,4
235,113,1
235,127,1
235,130,7
235,138,7
235,146,2
235,235,1
235,247,9
235,296,8
235,318,3
235,385,4
235,389,2
235,420,9
235,421,0
235,425,0
235,480,0
235,483,5
235,517,3
235,543,2
235,560,3
235,571,9
236,10,2
236,21,7
236,36,4
236,38,4
236,45,1
236,47,0
236,100,6
236,103,5
236,107,2
236,111,3
236,126,5
236,134,1
236,153,3
236,243,6
236,328,8
236,362,9
236,474,0
237,21,5
237,31,5
237,36,8
237,45,4
237,47,7
237,58,2
237,84,8
237,100,3
237,103,2
237,106,4
237,111,3
237,136,0
237,147,1
237,150,7
237,160,6
237,243,9
237,252,9
237,273,1
237,362,0
238,6,2
238,7,2
238,10,8
238,11,1
238,27,7
238,28,6
238,32,7
238,40,0
238,45,5
238,52,7
238,54,5
238,55,0
238,60,5
238,62,1
238,66,4
238,95,6
238,103,3
238,104,2
238,136,8
238,145,9
238,146,6
238,156,1
238,172,4
238,179,1
238,186,1
238,189,9
238,190,3
238,194,4
238,202,2
238,208,4
238,211,3
238,214,5
238,223,0
238,241,5
238,255,8
238,281,5
238,282,8
238,302,0
238,310,7
238,331,3
238,348,8
238,354,4
238,367,9
238,385,8
238,395,0
238,433,2
238,434,9
238,437,7
238,441,7
238,452,9
238,481,6
238,486,6
238,538,6
238,546,3
239,7,9
239,10,6
239,47,1
239,59,8
239,66,3
239,84,2
239,91,0
239,92,1
239,100,5
239,104,3
239,111,4
239,121,6
239,126,7
239,151,7
239,195,0
239,197,5
239,204,7
239,227,9
239,249,3
239,257,6
239,266,0
239,351,2
239,379,5
239,400,2
239,451,9
239,454,4
239,492,4
239,501,8
239,522,1
239,531,8
239,571,1
240,21,0
240,24,8
240,25,5
240,38,9
240,47,8
240,91,2
240,92,6
240,100,6
240,106,9
240,107,0
240,126,4
240,127,7
240,133,3
240,136,4
240,149,7
240,241,5
240,319,3
240,388,2
240,434,1
241,10,5
241,11,0
241,33,3
241,39,9
241,59,8
241,81,7
241,100,1
241,103,2
241,105,9
241,120,1
241,122,4
241,146,5
241,175,7
241,190,0
241,218,8
241,223,3
241,236,6
241,343,6
241,427,2
241,438,4
242,0,5
242,3,6
242,7,5
242,10,3
242,11,7
242,22,5
242,25,3
242,35,8
242,37,9
242,39,1
242,40,0
242,59,3
242,62,5
242,69,3
242,72,0
242,77,0
242,79,2
242,81,4
242,83,2
242,95,0
242,97,1
242,100,4
242,103,3
242,112,6
242,116,9
242,122,4
242,125,4
242,126,7
242,131,3
242,135,9
242,145,7
242,146,8
242,156,7
242,175,8
242,186,6
242,190,8
242,191,2
242,202,2
242,207,3
242,208,8
242,213,0
242,216,6
242,221,7
242,223,2
242,224,7
242,230,5
242,234,1
242,236,6
242,241,8
242,248,8
242,253,1
242,299,5
242,310,9
242,327,4
242,343,5
242,356,6
242,371,7
242,375,0
242,394,9
242,398,6
242,451,1
242,465,4
242,532,1
242,534,2
242,567,9
242,581,4
243,55,2
243,66,5
243,91,4
243,100,8
243,104,8
243,127,5
243,137,6
243,146,5
243,148,3
243,149,6
243,150,6
243,182,4
243,196,7
243,234,9
243,253,9
243,315,1
243,388,7
243,433,0
243,434,1
243,451,2
243,504,0
243,581,3
244,31,3
244,44,5
244,55,3
244,91,1
244,92,6
244,122,1
244,127,4
244,133,5
244,146,2
244,148,9
244,150,7
244,156,6
244,219,2
244,222,8
244,241,0
244,251,0
244,253,8
244,317,0
244,323,1
244,388,2
244,410,4
244,420,5
244,433,7
244,434,4
244,514,9
244,561,3
245,0,6
245,5,3
245,7,7
245,10,3
245,11,5
245,12,5
245,23,0
245,38,2
245,40,8
245,48,1
245,49,3
245,59,1
245,66,0
245,92,6
245,97,7
245,103,9
245,112,9
245,125,2
245,131,4
245,146,8
245,185,7
245,186,2
245,188,1
245,191,2
245,195,0
245,197,8
245,201,6
245,202,7
245,204,6
245,205,8
245,206,8
245,207,7
245,219,9
245,221,5
245,222,0
245,223,1
245,224,4
245,226,9
245,227,5
245,231,2
245,232,5
245,309,1
245,310,5
245,314,6
245,348,4
245,356,3
245,374,9
245,375,4
245,383,6
245,388,4
245,391,8
245,393,0
245,399,3
245,404,7
245,409,7
245,415,1
245,425,2
245,460,0
245,464,4
245,528,3
245,564,9
245,588,6
246,31,1
246,36,6
246,39,2
246,78,4
246,79,0
246,92,0
246,105,9
246,111,4
246,113,7
246,120,9
246,138,5
246,169,5
246,180,7
246,183,8
246,204,4
246,247,6
246,252,2
246,276,3
246,309,8
246,326,5
246,362,3
246,423,1
247,7,3
247,9,3
247,11,9
247,19,3
247,31,5
247,44,4
247,47,5
247,57,9
247,58,4
247,66,6
247,69,7
247,70,2
247,72,9
247,89,7
247,97,2
247,103,2
247,106,1
247,141,4
247,146,6
247,147,2
247,153,0
247,168,8
247,191,5
247,208,8
247,228,0
247,241,7
247,242,0
247,243,5
247,248,6
247,290,8
247,293,1
247,304,3
247,316,2
247,323,4
247,334,3
247,341,0
247,346,6
247,349,5
247,380,8
247,456,7
247,460,1
247,468,9
247,469,4
247,538,6
247,572,1
247,590,7
248,1,0
248,2,6
248,10,4
248,11,3
248,16,2
248,17,9
248,18,2
248,19,7
248,20,8
248,22,9
248,23,9
248,24,4
248,27,6
248,28,7
248,29,4
248,30,1
248,32,4
248,33,8
248,35,1
248,36,0
248,37,3
248,38,9
248,39,7
248,40,5
248,41,1
248,42,9
248,43,3
248,44,1
248,45,2
248,46,2
248,47,1
248,50,6
248,51,5
248,52,7
248,53,5
248,54,3
248,55,3
248,56,3
248,57,5
248,58,4
248,59,8
248,60,7
248,61,8
248,62,5
248,63,6
248,64,2
248,65,3
248,66,6
248,69,5
248,70,2
248,72,6
248,73,3
248,74,9
248,75,8
248,76,9
248,77,0
248,78,4
248,79,7
248,81,4
248,84,0
248,85,1
248,87,4
248,88,1
248,89,0
248,92,9
248,95,3
248,97,9
248,100,1
248,102,1
248,103,6
248,104,2
248,109,5
248,111,9
248,112,6
248,118,8
248,120,6
248,122,2
248,125,0
248,126,4
248,133,1
248,136,2
248,143,2
248,145,8
248,146,1
248,157,7
248,161,6
248,168,1
248,174,3
248,184,0
248,191,8
248,192,3
248,194,1
248,201,9
248,202,7
248,204,3
248,213,2
248,215,4
248,222,0
248,223,6
248,225,7
248,230,3
248,233,0
248,234,6
248,241,7
248,245,9
248,248,3
248,252,2
248,255,1
248,259,5
248,261,0
248,262,0
248,264,5
248,265,3
248,266,8
248,269,4
248,271,6
248,274,8
248,275,5
248,280,8
248,281,5
248,282,0
248,284,1
248,285,6
248,295,9
248,296,7
248,300,0
248,301,7
248,302,4
248,306,9
248,308,8
248,315,4
248,339,8
248,342,5
248,343,8
248,352,6
248,356,7
248,360,2
248,361,3
248,362,4
248,366,6
248,367,5
248,370,6
248,384,4
248,394,4
248,426,0
248,429,4
248,433,5
248,440,8
248,442,0
248,443,5
248,445,5
248,446,0
248,456,7
248,457,7
248,463,9
248,497,0
248,499,1
248,500,8
248,502,3
248,518,5
248,521,7
248,525,2
248,529,9
248,540,1
248,541,2
248,545,7
248,566,9
248,589,2
248,592,8
249,9,7
249,11,9
249,21,1
249,45,6
249,47,5
249,58,2
249,80,3
249,90,4
249,91,0
249,93,1
249,94,7
249,97,4
249,110,9
249,111,5
249,115,7
249,118,9
249,120,3
249,129,6
249,134,9
249,136,6
249,143,6
249,146,5
249,150,8
249,152,7
249,165,4
249,168,1
249,181,0
249,196,8
249,208,8
249,241,2
249,251,0
249,253,0
249,272,3
249,273,3
249,290,2
249,291,8
249,328,4
249,436,2
249,494,5
249,550,1
250,0,8
250,1,1
250,8,0
250,10,9
250,11,7
250,24,6
250,32,1
250,35,1
250,36,0
250,39,1
250,42,1
250,43,5
250,44,0
250,47,9
250,50,3
250,53,7
250,59,0
250,66,5
250,77,9
250,81,2
250,83,4
250,87,9
250,89,9
250,91,7
250,92,2
250,97,4
250,100,0
250,103,6
250,111,8
250,121,3
250,124,6
250,125,3
250,126,4
250,127,0
250,132,4
250,133,5
250,135,0
250,143,2
250,145,3
250,146,2
250,147,9
250,151,8
250,154,5
250,156,7
250,179,2
250,186,7
250,190,5
250,194,9
250,201,3
250,202,1
250,207,4
250,210,6
250,215,8
250,216,5
250,218,7
250,220,3
250,223,9
250,228,8
250,241,4
250,246,4
250,251,1
250,275,8
250,282,9
250,296,2
250,323,5
250,325,3
250,343,2
250,348,7
250,364,0
250,388,6
250,394,8
250,398,6
250,422,6
250,434,8
250,452,6
250,464,2
250,469,7
250,489,4
250,497,1
250,509,0
250,518,5
250,546,8
250,547,3
251,23,4
251,38,5
251,45,0
251,47,5
251,66,6
251,73,6
251,90,2
251,91,1
251,100,7
251,103,2
251,106,8
251,111,9
251,112,8
251,114,5
251,134,3
251,136,0
251,141,4
251,150,9
251,229,6
251,243,7
251,316,7
251,349,9
251,407,1
251,408,3
251,410,8
252,9,7
252,11,4
252,36,1
252,50,9
252,52,8
252,60,9
252,66,3
252,89,3
252,170,0
252,181,8
252,184,0
252,220,6
252,230,2
252,256,5
252,281,1
252,289,4
252,344,7
252,350,6
252,359,5
252,468,2
253,27,8
253,52,3
253,86,1
253,263,0
253,298,5
253,432,9
253,545,4
253,555,2
254,103,2
254,125,5
254,133,4
254,146,0
254,147,1
254,150,1
254,179,6
254,251,7
254,253,9
254,317,8
254,388,2
254,415,9
254,433,8
254,434,0
254,516,3
255,11,8
255,18,9
255,20,9
255,22,2
255,39,0
255,45,1
255,54,0
255,59,9
255,64,2
255,68,1
255,70,6
255,77,8
255,81,7
255,120,4
255,145,6
255,169,5
255,174,7
255,193,5
255,236,6
255,245,3
255,256,2
255,260,7
255,261,4
255,283,0
255,306,4
255,326,3
255,327,3
255,340,8
255,345,1
255,463,8
255,502,9
255,503,5
255,551,7
256,0,5
256,3,9
256,5,9
256,7,6
256,10,1
256,11,1
256,12,1
256,13,6
256,22,6
256,23,3
256,33,5
256,35,8
256,36,8
256,38,8
256,47,0
256,48,9
256,49,2
256,59,6
256,62,9
256,66,1
256,69,8
256,74,7
256,81,6
256,83,0
256,86,4
256,91,9
256,92,8
256,100,8
256,103,0
256,105,2
256,112,5
256,114,0
256,122,0
256,124,3
256,126,9
256,131,0
256,135,2
256,141,7
256,145,4
256,146,5
256,150,1
256,156,2
256,181,7
256,185,0
256,186,6
256,189,6
256,190,8
256,191,1
256,195,5
256,202,7
256,204,5
256,205,6
256,206,4
256,207,4
256,208,1
256,214,7
256,219,4
256,221,0
256,222,4
256,223,4
256,224,3
256,225,3
256,227,7
256,229,5
256,230,1
256,231,5
256,232,5
256,240,1
256,241,5
256,245,9
256,248,4
256,251,3
256,253,2
256,282,2
256,305,9
256,310,5
256,320,6
256,326,2
256,337,9
256,347,3
256,348,2
256,352,7
256,360,7
256,372,3
256,375,3
256,377,2
256,382,7
256,386,2
256,388,2
256,391,7
256,393,4
256,394,0
256,396,8
256,397,1
256,398,4
256,401,1
256,403,7
256,407,0
256,409,6
256,411,7
256,415,9
256,416,0
256,418,8
256,420,8
256,425,3
256,460,3
256,464,6
256,473,4
256,475,8
256,487,9
256,504,9
256,505,2
256,510,3
256,525,0
256,558,1
256,571,3
256,588,8
257,11,2
257,33,1
257,35,4
257,36,1
257,38,5
257,44,1
257,45,3
257,47,7
257,48,2
257,49,5
257,50,0
257,59,6
257,62,3
257,66,3
257,69,0
257,70,9
257,75,9
257,77,7
257,81,6
257,87,7
257,89,9
257,91,2
257,92,2
257,97,6
257,103,9
257,111,1
257,113,4
257,120,4
257,124,7
257,127,0
257,146,2
257,147,6
257,150,0
257,190,4
257,202,8
257,208,6
257,219,8
257,225,1
257,226,5
257,234,5
257,241,9
257,251,8
257,253,6
257,255,4
257,276,8
257,282,7
257,294,9
257,343,3
257,348,0
257,364,1
257,365,3
257,388,5
257,420,5
257,429,2
257,434,7
257,436,0
257,514,8
257,574,3
257,579,8
257,594,4
258,5,3
258,21,8
258,23,4
258,24,8
258,31,8
258,36,2
258,38,5
258,58,5
258,59,6
258,66,8
258,69,7
258,79,6
258,81,4
258,86,1
258,91,5
258,92,2
258,100,0
258,103,0
258,104,3
258,107,2
258,111,9
258,113,8
258,119,3
258,127,6
258,131,1
258,141,7
258,144,4
258,150,1
258,191,5
258,194,3
258,195,5
258,204,7
258,231,9
258,232,0
258,233,9
258,243,3
258,245,2
258,266,2
258,273,9
258,310,7
258,320,9
258,358,1
258,380,4
258,393,0
258,409,6
258,413,1
258,484,7
258,500,0
258,526,6
258,592,4
259,1,7
259,5,7
259,10,5
259,12,1
259,26,7
259,31,9
259,36,7
259,38,6
259,39,8
259,44,4
259,48,3
259,59,3
259,62,2
259,64,5
259,69,5
259,74,1
259,78,0
259,81,0
259,87,3
259,89,8
259,92,8
259,95,3
259,96,4
259,100,3
259,103,2
259,104,0
259,111,4
259,112,8
259,116,7
259,117,6
259,118,9
259,120,3
259,124,7
259,125,5
259,126,6
259,131,9
259,132,7
259,133,4
259,138,0
259,143,1
259,145,0
259,146,5
259,150,4
259,153,1
259,156,0
259,157,0
259,158,4
259,167,2
259,168,1
259,175,6
259,177,3
259,185,2
259,186,5
259,188,4
259,190,3
259,191,1
259,195,1
259,202,0
259,205,2
259,206,2
259,207,3
259,209,5
259,214,2
259,216,9
259,217,1
259,219,8
259,221,5
259,222,2
259,223,3
259,224,9
259,227,5
259,229,7
259,231,2
259,241,4
259,247,7
259,251,0
259,267,8
259,290,1
259,293,6
259,305,6
259,309,7
259,310,9
259,314,3
259,316,2
259,321,9
259,343,7
259,353,0
259,354,9
259,377,8
259,378,6
259,379,3
259,380,0
259,382,9
259,383,4
259,385,1
259,387,6
259,388,5
259,389,5
259,391,7
259,393,1
259,394,6
259,396,5
259,398,8
259,399,8
259,402,9
259,403,5
259,404,2
259,405,5
259,406,1
259,407,9
259,408,8
259,410,9
259,411,6
259,412,6
259,414,4
259,415,2
259,416,4
259,417,4
259,420,7
259,434,8
259,448,7
259,459,8
259,460,3
259,464,3
259,466,9
259,470,6
259,472,0
259,474,4
259,490,1
259,501,2
259,504,4
259,528,9
259,531,1
259,552,0
259,555,9
259,557,0
259,561,8
259,564,6
259,566,8
259,583,6
259,588,2
260,10,3
260,66,4
260,117,6
260,120,5
260,143,7
260,156,0
260,162,4
260,200,9
260,205,6
260,213,2
260,273,1
260,382,5
260,570,8
261,1,7
261,9,6
261,11,9
261,12,7
261,20,5
261,39,7
261,44,2
261,45,3
261,47,6
261,50,7
261,58,5
261,59,1
261,86,6
261,89,4
261,90,5
261,92,2
261,93,9
261,94,6
261,95,2
261,100,3
261,101,8
261,103,6
261,106,6
261,109,3
261,110,8
261,111,2
261,112,5
261,113,4
261,115,0
261,116,2
261,120,5
261,126,6
261,128,2
261,129,0
261,134,5
261,135,8
261,136,0
261,138,5
261,140,7
261,141,8
261,143,7
261,146,1
261,147,4
261,150,6
261,151,9
261,152,3
261,153,8
261,154,9
261,155,9
261,158,9
261,159,1
261,160,1
261,163,4
261,164,1
261,165,9
261,167,0
261,168,7
261,178,1
261,223,5
261,245,0
261,251,8
261,252,4
261,253,8
261,255,3
261,272,4
261,282,3
261,291,0
261,300,2
261,313,4
261,320,1
261,330,7
261,336,0
261,339,9
261,344,2
261,349,8
261,424,1
261,450,0
261,455,4
261,460,3
261,561,3
262,0,3
262,1,9
262,8,4
262,9,6
262,11,2
262,12,9
262,19,5
262,24,1
262,36,7
262,39,1
262,45,3
262,47,3
262,50,8
262,52,4
262,57,0
262,58,7
262,60,9
262,64,9
262,66,9
262,69,7
262,70,0
262,72,8
262,89,0
262,90,8
262,95,3
262,102,1
262,103,0
262,106,0
262,107,5
262,109,1
262,111,6
262,113,9
262,115,2
262,117,7
262,120,2
262,122,8
262,124,1
262,125,3
262,128,4
262,129,8
262,134,5
262,139,3
262,141,3
262,142,0
262,143,6
262,146,1
262,147,6
262,148,8
262,153,8
262,161,7
262,162,5
262,164,5
262,168,9
262,175,5
262,178,3
262,179,3
262,191,1
262,194,1
262,208,6
262,216,2
262,226,8
262,228,9
262,239,7
262,240,2
262,241,0
262,242,1
262,243,4
262,247,8
262,252,2
262,273,4
262,277,7
262,281,4
262,285,5
262,287,0
262,288,2
262,293,0
262,294,0
262,300,9
262,304,4
262,311,9
262,312,5
262,316,6
262,318,7
262,321,6
262,325,3
262,334,8
262,340,5
262,341,5
262,342,8
262,343,0
262,346,6
262,349,2
262,388,4
262,390,6
262,426,1
262,428,3
262,456,2
262,457,6
262,460,7
262,462,5
262,478,9
262,491,1
262,500,2
262,525,4
262,556,7
262,572,7
262,573,2
262,575,4
262,590,6
263,16,6
263,17,3
263,27,9
263,31,6
263,36,2
263,46,8
263,54,7
263,58,0
263,61,6
263,65,8
263,73,5
263,89,0
263,113,4
263,116,7
263,120,9
263,129,2
263,146,8
263,149,7
263,161,3
263,203,1
263,269,5
263,289,1
263,292,8
263,294,4
263,296,3
263,305,9
263,313,0
263,326,2
263,337,4
263,355,1
263,370,5
263,435,7
263,440,6
263,443,3
263,445,4
263,462,0
263,483,5
263,552,1
263,561,9
263,583,2
263,594,5
264,2,9
264,9,0
264,20,2
264,28,5
264,30,8
264,35,6
264,36,7
264,39,0
264,41,3
264,47,3
264,50,3
264,51,1
264,55,7
264,56,4
264,57,9
264,58,7
264,60,4
264,61,6
264,72,7
264,77,3
264,82,7
264,90,8
264,95,4
264,97,1
264,106,8
264,113,9
264,120,6
264,121,0
264,124,9
264,128,3
264,130,2
264,132,8
264,134,8
264,135,4
264,137,8
264,147,4
264,150,6
264,152,2
264,155,1
264,157,8
264,159,5
264,161,6
264,162,4
264,164,6
264,166,9
264,168,1
264,178,5
264,201,0
264,215,3
264,233,1
264,241,8
264,246,4
264,252,9
264,269,1
264,272,2
264,275,8
264,283,6
264,293,7
264,294,4
264,297,3
264,299,2
264,301,1
264,304,7
264,305,1
264,308,9
264,309,2
264,313,0
264,315,7
264,349,6
264,356,9
264,364,0
264,420,0
264,422,2
264,442,2
264,457,1
264,463,3
264,485,5
264,546,0
264,551,0
264,568,5
264,583,5
264,585,5
264,587,5
264,595,9
265,10,6
265,79,8
265,116,5
265,146,8
265,168,2
265,194,1
265,222,0
265,253,3
265,317,9
265,532,7
265,533,4
266,0,7
266,3,0
266,7,2
266,10,3
266,11,8
266,12,1
266,35,5
266,40,5
266,48,5
266,49,9
266,59,6
266,69,7
266,91,3
266,95,7
266,96,1
266,100,0
266,103,1
266,112,2
266,114,8
266,117,0
266,126,4
266,130,9
266,131,1
266,132,7
266,138,4
266,146,4
266,147,1
266,157,5
266,174,6
266,177,8
266,185,8
266,186,6
266,190,4
266,191,0
266,195,0
266,202,9
266,205,3
266,206,3
266,207,5
266,214,3
266,217,7
266,219,9
266,221,2
266,222,6
266,223,4
266,224,8
266,229,1
266,231,4
266,232,8
266,277,4
266,282,9
266,291,6
266,309,8
266,310,2
266,314,9
266,320,5
266,334,4
266,373,5
266,379,6
266,393,0
266,396,6
266,399,2
266,401,2
266,404,5
266,407,1
266,410,0
266,415,7
266,416,9
266,426,3
266,430,9
266,460,2
266,470,8
266,516,0
266,564,2
266,569,7
266,580,3
266,588,1
266,596,3
267,21,9
267,36,7
267,38,3
267,44,4
267,47,0
267,58,6
267,92,9
267,100,3
267,103,0
267,106,5
267,120,4
267,127,7
267,134,6
267,143,1
267,146,2
267,245,5
267,251,8
267,273,1
267,326,2
267,434,8
268,9,4
268,47,0
268,50,4
268,58,2
268,80,9
268,84,3
268,90,6
268,100,4
268,101,2
268,106,5
268,111,1
268,114,7
268,130,9
268,134,0
268,150,5
268,151,5
268,152,3
268,160,6
268,178,6
268,186,1
268,252,7
268,290,8
268,313,8
